#ID,,Make,Model,Bodywork,Operator,Chassis ID,Reg Date,Notes,Depot,Svc,Batch,Gearbox model,EDS model,Chair model,Door model,Air Con model
1,J,,,,,,,,,,,,,,,
2,G,,,,,,,,,,,,,,,
3,D,,,,,,,,,,,,,,,
4,B,,,,,,,,,,,,,,,
5,Z,,,,,,,,,,,,,,,
6,X,,,,,,,,,,,,,,,
7,T,,,,,,,,,,,,,,,
8,R,,,,,,,,,,,,,,,
9,M,,,,,,,,,,,,,,,
10,H,,,,,,,,,,,,,,,
11,E,,,,,,,,,,,,,,,
12,C,,,,,,,,,,,,,,,
13,A,,,,,,,,,,,,,,,
14,Y,,,,,,,,,,,,,,,
15,U,,,,,,,,,,,,,,,
16,S,,,,,,,,,,,,,,,
17,P,,,,,,,,,,,,,,,
18,L,,,,,,,,,,,,,,,
19,J,,,,,,,,,,,,,,,
20,D,,,,,,,,,,,,,,,
21,B,,,,,,,,,,,,,,,
22,Z,,,,,,,,,,,,,,,
23,X,,,,,,,,,,,,,,,
24,T,,,,,,,,,,,,,,,
25,R,,,,,,,,,,,,,,,
26,M,,,,,,,,,,,,,,,
27,K,,,,,,,,,,,,,,,
28,H,,,,,,,,,,,,,,,
29,E,,,,,,,,,,,,,,,
30,A,,,,,,,,,,,,,,,
31,Y,,,,,,,,,,,,,,,
32,U,,,,,,,,,,,,,,,
33,S,,,,,,,,,,,,,,,
34,P,,,,,,,,,,,,,,,
35,L,,,,,,,,,,,,,,,
36,J,,,,,,,,,,,,,,,
37,G,,,,,,,,,,,,,,,
38,D,,,,,,,,,,,,,,,
39,B,,,,,,,,,,,,,,,
40,X,,,,,,,,,,,,,,,
41,T,,,,,,,,,,,,,,,
42,R,,,,,,,,,,,,,,,
43,M,,,,,,,,,,,,,,,
44,K,,,,,,,,,,,,,,,
45,H,,,,,,,,,,,,,,,
46,E,,,,,,,,,,,,,,,
47,C,,,,,,,,,,,,,,,
48,A,,,,,,,,,,,,,,,
49,Y,,,,,,,,,,,,,,,
50,S,,,,,,,,,,,,,,,
51,P,,,,,,,,,,,,,,,
52,L,,,,,,,,,,,,,,,
53,J,,,,,,,,,,,,,,,
54,G,,,,,,,,,,,,,,,
55,D,,,,,,,,,,,,,,,
56,B,,,,,,,,,,,,,,,
57,Z,,,,,,,,,,,,,,,
58,X,,,,,,,,,,,,,,,
59,T,,,,,,,,,,,,,,,
60,M,,,,,,,,,,,,,,,
61,K,,,,,,,,,,,,,,,
62,H,,,,,,,,,,,,,,,
63,E,,,,,,,,,,,,,,,
64,C,,,,,,,,,,,,,,,
65,A,,,,,,,,,,,,,,,
66,Y,,,,,,,,,,,,,,,
67,U,,,,,,,,,,,,,,,
68,S,,,,,,,,,,,,,,,
69,P,,,,,,,,,,,,,,,
70,J,,,,,,,,,,,,,,,
71,G,,,,,,,,,,,,,,,
72,D,,,,,,,,,,,,,,,
73,B,,,,,,,,,,,,,,,
74,Z,,,,,,,,,,,,,,,
75,X,,,,,,,,,,,,,,,
76,T,,,,,,,,,,,,,,,
77,R,,,,,,,,,,,,,,,
78,M,,,,,,,,,,,,,,,
79,K,,,,,,,,,,,,,,,
80,E,,,,,,,,,,,,,,,
81,C,,,,,,,,,,,,,,,
82,A,,,,,,,,,,,,,,,
83,Y,,,,,,,,,,,,,,,
84,U,,,,,,,,,,,,,,,
85,S,,,,,,,,,,,,,,,
86,P,,,,,,,,,,,,,,,
87,L,,,,,,,,,,,,,,,
88,J,,,,,,,,,,,,,,,
89,G,,,,,,,,,,,,,,,
90,B,,,,,,,,,,,,,,,
91,Z,,,,,,,,,,,,,,,
92,X,,,,,,,,,,,,,,,
93,T,,,,,,,,,,,,,,,
94,R,,,,,,,,,,,,,,,
95,M,,,,,,,,,,,,,,,
96,K,,,,,,,,,,,,,,,
97,H,,,,,,,,,,,,,,,
98,E,,,,,,,,,,,,,,,
99,C,,,,,,,,,,,,,,,
100,G,,,,,,,,,,,,,,,
101,D,,,,,,,,,,,,,,,
102,B,,,,,,,,,,,,,,,
103,Z,,,,,,,,,,,,,,,
104,X,,,,,,,,,,,,,,,
105,T,,,,,,,,,,,,,,,
106,R,,,,,,,,,,,,,,,
107,M,,,,,,,,,,,,,,,
108,K,,,,,,,,,,,,,,,
109,H,,,,,,,,,,,,,,,
110,C,,,,,,,,,,,,,,,
111,A,,,,,,,,,,,,,,,
112,Y,,,,,,,,,,,,,,,
113,U,,,,,,,,,,,,,,,
114,S,,,,,,,,,,,,,,,
115,P,,,,,,,,,,,,,,,
116,L,,,,,,,,,,,,,,,
117,J,,,,,,,,,,,,,,,
118,G,,,,,,,,,,,,,,,
119,D,,,,,,,,,,,,,,,
120,Z,,,,,,,,,,,,,,,
121,X,,,,,,,,,,,,,,,
122,T,,,,,,,,,,,,,,,
123,R,,,,,,,,,,,,,,,
124,M,,,,,,,,,,,,,,,
125,K,,,,,,,,,,,,,,,
126,H,,,,,,,,,,,,,,,
127,E,,,,,,,,,,,,,,,
128,C,,,,,,,,,,,,,,,
129,A,,,,,,,,,,,,,,,
130,U,,,,,,,,,,,,,,,
131,S,,,,,,,,,,,,,,,
132,P,,,,,,,,,,,,,,,
133,L,,,,,,,,,,,,,,,
134,J,,,,,,,,,,,,,,,
135,G,,,,,,,,,,,,,,,
136,D,,,,,,,,,,,,,,,
137,B,,,,,,,,,,,,,,,
138,Z,,,,,,,,,,,,,,,
139,X,,,,,,,,,,,,,,,
140,R,,,,,,,,,,,,,,,
141,M,,,,,,,,,,,,,,,
142,K,,,,,,,,,,,,,,,
143,H,,,,,,,,,,,,,,,
144,E,,,,,,,,,,,,,,,
145,C,,,,,,,,,,,,,,,
146,A,,,,,,,,,,,,,,,
147,Y,,,,,,,,,,,,,,,
148,U,,,,,,,,,,,,,,,
149,S,,,,,,,,,,,,,,,
150,L,,,,,,,,,,,,,,,
151,J,,,,,,,,,,,,,,,
152,G,,,,,,,,,,,,,,,
153,D,,,,,,,,,,,,,,,
154,B,,,,,,,,,,,,,,,
155,Z,,,,,,,,,,,,,,,
156,X,,,,,,,,,,,,,,,
157,T,,,,,,,,,,,,,,,
158,R,,,,,,,,,,,,,,,
159,M,,,,,,,,,,,,,,,
160,H,,,,,,,,,,,,,,,
161,E,,,,,,,,,,,,,,,
162,C,,,,,,,,,,,,,,,
163,A,,,,,,,,,,,,,,,
164,Y,,,,,,,,,,,,,,,
165,U,,,,,,,,,,,,,,,
166,S,,,,,,,,,,,,,,,
167,P,,,,,,,,,,,,,,,
168,L,,,,,,,,,,,,,,,
169,J,,,,,,,,,,,,,,,
170,D,,,,,,,,,,,,,,,
171,B,,,,,,,,,,,,,,,
172,Z,,,,,,,,,,,,,,,
173,X,,,,,,,,,,,,,,,
174,T,,,,,,,,,,,,,,,
175,R,,,,,,,,,,,,,,,
176,M,,,,,,,,,,,,,,,
177,K,,,,,,,,,,,,,,,
178,H,,,,,,,,,,,,,,,
179,E,,,,,,,,,,,,,,,
180,A,,,,,,,,,,,,,,,
181,Y,,,,,,,,,,,,,,,
182,U,,,,,,,,,,,,,,,
183,S,,,,,,,,,,,,,,,
184,P,,,,,,,,,,,,,,,
185,L,,,,,,,,,,,,,,,
186,J,,,,,,,,,,,,,,,
187,G,,,,,,,,,,,,,,,
188,D,,,,,,,,,,,,,,,
189,B,,,,,,,,,,,,,,,
190,X,,,,,,,,,,,,,,,
191,T,,,,,,,,,,,,,,,
192,R,,,,,,,,,,,,,,,
193,M,,,,,,,,,,,,,,,
194,K,,,,,,,,,,,,,,,
195,H,,,,,,,,,,,,,,,
196,E,,,,,,,,,,,,,,,
197,C,,,,,,,,,,,,,,,
198,A,,,,,,,,,,,,,,,
199,Y,,,,,,,,,,,,,,,
200,B,,,,,,,,,,,,,,,
201,Z,,,,,,,,,,,,,,,
202,X,,,,,,,,,,,,,,,
203,T,,,,,,,,,,,,,,,
204,R,,,,,,,,,,,,,,,
205,M,,,,,,,,,,,,,,,
206,K,,,,,,,,,,,,,,,
207,H,,,,,,,,,,,,,,,
208,E,,,,,,,,,,,,,,,
209,C,,,,,,,,,,,,,,,
210,Y,,,,,,,,,,,,,,,
211,U,,,,,,,,,,,,,,,
212,S,,,,,,,,,,,,,,,
213,P,,,,,,,,,,,,,,,
214,L,,,,,,,,,,,,,,,
215,J,,,,,,,,,,,,,,,
216,G,,,,,,,,,,,,,,,
217,D,,,,,,,,,,,,,,,
218,B,,,,,,,,,,,,,,,
219,Z,,,,,,,,,,,,,,,
220,T,,,,,,,,,,,,,,,
221,R,,,,,,,,,,,,,,,
222,M,,,,,,,,,,,,,,,
223,K,,,,,,,,,,,,,,,
224,H,,,,,,,,,,,,,,,
225,E,,,,,,,,,,,,,,,
226,C,,,,,,,,,,,,,,,
227,A,,,,,,,,,,,,,,,
228,Y,,,,,,,,,,,,,,,
229,U,,,,,,,,,,,,,,,
230,P,,,,,,,,,,,,,,,
231,L,,,,,,,,,,,,,,,
232,J,,,,,,,,,,,,,,,
233,G,,,,,,,,,,,,,,,
234,D,,,,,,,,,,,,,,,
235,B,,,,,,,,,,,,,,,
236,Z,,,,,,,,,,,,,,,
237,X,,,,,,,,,,,,,,,
238,T,,,,,,,,,,,,,,,
239,R,,,,,,,,,,,,,,,
240,K,,,,,,,,,,,,,,,
241,H,,,,,,,,,,,,,,,
242,E,,,,,,,,,,,,,,,
243,C,,,,,,,,,,,,,,,
244,A,,,,,,,,,,,,,,,
245,Y,,,,,,,,,,,,,,,
246,U,,,,,,,,,,,,,,,
247,S,,,,,,,,,,,,,,,
248,P,,,,,,,,,,,,,,,
249,L,,,,,,,,,,,,,,,
250,G,,,,,,,,,,,,,,,
251,D,,,,,,,,,,,,,,,
252,B,,,,,,,,,,,,,,,
253,Z,,,,,,,,,,,,,,,
254,X,,,,,,,,,,,,,,,
255,T,,,,,,,,,,,,,,,
256,R,,,,,,,,,,,,,,,
257,M,,,,,,,,,,,,,,,
258,K,,,,,,,,,,,,,,,
259,H,,,,,,,,,,,,,,,
260,C,,,,,,,,,,,,,,,
261,A,,,,,,,,,,,,,,,
262,Y,,,,,,,,,,,,,,,
263,U,,,,,,,,,,,,,,,
264,S,,,,,,,,,,,,,,,
265,P,,,,,,,,,,,,,,,
266,L,,,,,,,,,,,,,,,
267,J,,,,,,,,,,,,,,,
268,G,,,,,,,,,,,,,,,
269,D,,,,,,,,,,,,,,,
270,Z,,,,,,,,,,,,,,,
271,X,,,,,,,,,,,,,,,
272,T,,,,,,,,,,,,,,,
273,R,,,,,,,,,,,,,,,
274,M,,,,,,,,,,,,,,,
275,K,,,,,,,,,,,,,,,
276,H,,,,,,,,,,,,,,,
277,E,,,,,,,,,,,,,,,
278,C,,,,,,,,,,,,,,,
279,A,,,,,,,,,,,,,,,
280,U,,,,,,,,,,,,,,,
281,S,,,,,,,,,,,,,,,
282,P,,,,,,,,,,,,,,,
283,L,,,,,,,,,,,,,,,
284,J,,,,,,,,,,,,,,,
285,G,,,,,,,,,,,,,,,
286,D,,,,,,,,,,,,,,,
287,B,,,,,,,,,,,,,,,
288,Z,,,,,,,,,,,,,,,
289,X,,,,,,,,,,,,,,,
290,R,,,,,,,,,,,,,,,
291,M,,,,,,,,,,,,,,,
292,K,,,,,,,,,,,,,,,
293,H,,,,,,,,,,,,,,,
294,E,,,,,,,,,,,,,,,
295,C,,,,,,,,,,,,,,,
296,A,,,,,,,,,,,,,,,
297,Y,,,,,,,,,,,,,,,
298,U,,,,,,,,,,,,,,,
299,S,,,,,,,,,,,,,,,
300,X,,,,,,,,,,,,,,,
301,T,,,,,,,,,,,,,,,
302,R,,,,,,,,,,,,,,,
303,M,,,,,,,,,,,,,,,
304,K,,,,,,,,,,,,,,,
305,H,,,,,,,,,,,,,,,
306,E,,,,,,,,,,,,,,,
307,C,,,,,,,,,,,,,,,
308,A,,,,,,,,,,,,,,,
309,Y,,,,,,,,,,,,,,,
310,S,,,,,,,,,,,,,,,
311,P,,,,,,,,,,,,,,,
312,L,,,,,,,,,,,,,,,
313,J,,,,,,,,,,,,,,,
314,G,,,,,,,,,,,,,,,
315,D,,,,,,,,,,,,,,,
316,B,,,,,,,,,,,,,,,
317,Z,,,,,,,,,,,,,,,
318,X,,,,,,,,,,,,,,,
319,T,,,,,,,,,,,,,,,
320,M,,,,,,,,,,,,,,,
321,K,,,,,,,,,,,,,,,
322,H,,,,,,,,,,,,,,,
323,E,,,,,,,,,,,,,,,
324,C,,,,,,,,,,,,,,,
325,A,,,,,,,,,,,,,,,
326,Y,,,,,,,,,,,,,,,
327,U,,,,,,,,,,,,,,,
328,S,,,,,,,,,,,,,,,
329,P,,,,,,,,,,,,,,,
330,J,,,,,,,,,,,,,,,
331,G,,,,,,,,,,,,,,,
332,D,,,,,,,,,,,,,,,
333,B,,,,,,,,,,,,,,,
334,Z,,,,,,,,,,,,,,,
335,X,,,,,,,,,,,,,,,
336,T,,,,,,,,,,,,,,,
337,R,,,,,,,,,,,,,,,
338,M,,,,,,,,,,,,,,,
339,K,,,,,,,,,,,,,,,
340,E,,,,,,,,,,,,,,,
341,C,,,,,,,,,,,,,,,
342,A,,,,,,,,,,,,,,,
343,Y,,,,,,,,,,,,,,,
344,U,,,,,,,,,,,,,,,
345,S,,,,,,,,,,,,,,,
346,P,,,,,,,,,,,,,,,
347,L,,,,,,,,,,,,,,,
348,J,,,,,,,,,,,,,,,
349,G,,,,,,,,,,,,,,,
350,B,,,,,,,,,,,,,,,
351,Z,,,,,,,,,,,,,,,
352,X,,,,,,,,,,,,,,,
353,T,,,,,,,,,,,,,,,
354,R,,,,,,,,,,,,,,,
355,M,,,,,,,,,,,,,,,
356,K,,,,,,,,,,,,,,,
357,H,,,,,,,,,,,,,,,
358,E,,,,,,,,,,,,,,,
359,C,,,,,,,,,,,,,,,
360,Y,,,,,,,,,,,,,,,
361,U,,,,,,,,,,,,,,,
362,S,,,,,,,,,,,,,,,
363,P,,,,,,,,,,,,,,,
364,L,,,,,,,,,,,,,,,
365,J,,,,,,,,,,,,,,,
366,G,,,,,,,,,,,,,,,
367,D,,,,,,,,,,,,,,,
368,B,,,,,,,,,,,,,,,
369,Z,,,,,,,,,,,,,,,
370,T,,,,,,,,,,,,,,,
371,R,,,,,,,,,,,,,,,
372,M,,,,,,,,,,,,,,,
373,K,,,,,,,,,,,,,,,
374,H,,,,,,,,,,,,,,,
375,E,,,,,,,,,,,,,,,
376,C,,,,,,,,,,,,,,,
377,A,,,,,,,,,,,,,,,
378,Y,,,,,,,,,,,,,,,
379,U,,,,,,,,,,,,,,,
380,P,,,,,,,,,,,,,,,
381,L,,,,,,,,,,,,,,,
382,J,,,,,,,,,,,,,,,
383,G,,,,,,,,,,,,,,,
384,D,,,,,,,,,,,,,,,
385,B,,,,,,,,,,,,,,,
386,Z,,,,,,,,,,,,,,,
387,X,,,,,,,,,,,,,,,
388,T,,,,,,,,,,,,,,,
389,R,,,,,,,,,,,,,,,
390,K,,,,,,,,,,,,,,,
391,H,,,,,,,,,,,,,,,
392,E,,,,,,,,,,,,,,,
393,C,,,,,,,,,,,,,,,
394,A,,,,,,,,,,,,,,,
395,Y,,,,,,,,,,,,,,,
396,U,,,,,,,,,,,,,,,
397,S,,,,,,,,,,,,,,,
398,P,,,,,,,,,,,,,,,
399,L,,,,,,,,,,,,,,,
400,R,,,,,,,,,,,,,,,
401,M,,,,,,,,,,,,,,,
402,K,,,,,,,,,,,,,,,
403,H,,,,,,,,,,,,,,,
404,E,,,,,,,,,,,,,,,
405,C,,,,,,,,,,,,,,,
406,A,,,,,,,,,,,,,,,
407,Y,,,,,,,,,,,,,,,
408,U,,,,,,,,,,,,,,,
409,S,,,,,,,,,,,,,,,
410,L,,,,,,,,,,,,,,,
411,J,,,,,,,,,,,,,,,
412,G,,,,,,,,,,,,,,,
413,D,,,,,,,,,,,,,,,
414,B,,,,,,,,,,,,,,,
415,Z,,,,,,,,,,,,,,,
416,X,,,,,,,,,,,,,,,
417,T,,,,,,,,,,,,,,,
418,R,,,,,,,,,,,,,,,
419,M,,,,,,,,,,,,,,,
420,H,,,,,,,,,,,,,,,
421,E,,,,,,,,,,,,,,,
422,C,,,,,,,,,,,,,,,
423,A,,,,,,,,,,,,,,,
424,Y,,,,,,,,,,,,,,,
425,U,,,,,,,,,,,,,,,
426,S,,,,,,,,,,,,,,,
427,P,,,,,,,,,,,,,,,
428,L,,,,,,,,,,,,,,,
429,J,,,,,,,,,,,,,,,
430,D,,,,,,,,,,,,,,,
431,B,,,,,,,,,,,,,,,
432,Z,,,,,,,,,,,,,,,
433,X,,,,,,,,,,,,,,,
434,T,,,,,,,,,,,,,,,
435,R,,,,,,,,,,,,,,,
436,M,,,,,,,,,,,,,,,
437,K,,,,,,,,,,,,,,,
438,H,,,,,,,,,,,,,,,
439,E,,,,,,,,,,,,,,,
440,A,,,,,,,,,,,,,,,
441,Y,,,,,,,,,,,,,,,
442,U,,,,,,,,,,,,,,,
443,S,,,,,,,,,,,,,,,
444,P,,,,,,,,,,,,,,,
445,L,,,,,,,,,,,,,,,
446,J,,,,,,,,,,,,,,,
447,G,,,,,,,,,,,,,,,
448,D,,,,,,,,,,,,,,,
449,B,,,,,,,,,,,,,,,
450,X,,,,,,,,,,,,,,,
451,T,,,,,,,,,,,,,,,
452,R,,,,,,,,,,,,,,,
453,M,,,,,,,,,,,,,,,
454,K,,,,,,,,,,,,,,,
455,H,,,,,,,,,,,,,,,
456,E,,,,,,,,,,,,,,,
457,C,,,,,,,,,,,,,,,
458,A,,,,,,,,,,,,,,,
459,Y,,,,,,,,,,,,,,,
460,S,,,,,,,,,,,,,,,
461,P,,,,,,,,,,,,,,,
462,L,,,,,,,,,,,,,,,
463,J,,,,,,,,,,,,,,,
464,G,,,,,,,,,,,,,,,
465,D,,,,,,,,,,,,,,,
466,B,,,,,,,,,,,,,,,
467,Z,,,,,,,,,,,,,,,
468,X,,,,,,,,,,,,,,,
469,T,,,,,,,,,,,,,,,
470,M,,,,,,,,,,,,,,,
471,K,,,,,,,,,,,,,,,
472,H,,,,,,,,,,,,,,,
473,E,,,,,,,,,,,,,,,
474,C,,,,,,,,,,,,,,,
475,A,,,,,,,,,,,,,,,
476,Y,,,,,,,,,,,,,,,
477,U,,,,,,,,,,,,,,,
478,S,,,,,,,,,,,,,,,
479,P,,,,,,,,,,,,,,,
480,J,,,,,,,,,,,,,,,
481,G,,,,,,,,,,,,,,,
482,D,,,,,,,,,,,,,,,
483,B,,,,,,,,,,,,,,,
484,Z,,,,,,,,,,,,,,,
485,X,,,,,,,,,,,,,,,
486,T,,,,,,,,,,,,,,,
487,R,,,,,,,,,,,,,,,
488,M,,,,,,,,,,,,,,,
489,K,,,,,,,,,,,,,,,
490,E,,,,,,,,,,,,,,,
491,C,,,,,,,,,,,,,,,
492,A,,,,,,,,,,,,,,,
493,Y,,,,,,,,,,,,,,,
494,U,,,,,,,,,,,,,,,
495,S,,,,,,,,,,,,,,,
496,P,,,,,,,,,,,,,,,
497,L,,,,,,,,,,,,,,,
498,J,,,,,,,,,,,,,,,
499,G,,,,,,,,,,,,,,,
500,K,,,,,,,,,,,,,,,
501,H,,,,,,,,,,,,,,,
502,E,,,,,,,,,,,,,,,
503,C,,,,,,,,,,,,,,,
504,A,,,,,,,,,,,,,,,
505,Y,,,,,,,,,,,,,,,
506,U,,,,,,,,,,,,,,,
507,S,,,,,,,,,,,,,,,
508,P,,,,,,,,,,,,,,,
509,L,,,,,,,,,,,,,,,
510,G,,,,,,,,,,,,,,,
511,D,,,,,,,,,,,,,,,
512,B,,,,,,,,,,,,,,,
513,Z,,,,,,,,,,,,,,,
514,X,,,,,,,,,,,,,,,
515,T,,,,,,,,,,,,,,,
516,R,,,,,,,,,,,,,,,
517,M,,,,,,,,,,,,,,,
518,K,,,,,,,,,,,,,,,
519,H,,,,,,,,,,,,,,,
520,C,,,,,,,,,,,,,,,
521,A,,,,,,,,,,,,,,,
522,Y,,,,,,,,,,,,,,,
523,U,,,,,,,,,,,,,,,
524,S,,,,,,,,,,,,,,,
525,P,,,,,,,,,,,,,,,
526,L,,,,,,,,,,,,,,,
527,J,,,,,,,,,,,,,,,
528,G,,,,,,,,,,,,,,,
529,D,,,,,,,,,,,,,,,
530,Z,,,,,,,,,,,,,,,
531,X,,,,,,,,,,,,,,,
532,T,,,,,,,,,,,,,,,
533,R,,,,,,,,,,,,,,,
534,M,,,,,,,,,,,,,,,
535,K,,,,,,,,,,,,,,,
536,H,,,,,,,,,,,,,,,
537,E,,,,,,,,,,,,,,,
538,C,,,,,,,,,,,,,,,
539,A,,,,,,,,,,,,,,,
540,U,,,,,,,,,,,,,,,
541,S,,,,,,,,,,,,,,,
542,P,,,,,,,,,,,,,,,
543,L,,,,,,,,,,,,,,,
544,J,,,,,,,,,,,,,,,
545,G,,,,,,,,,,,,,,,
546,D,,,,,,,,,,,,,,,
547,B,,,,,,,,,,,,,,,
548,Z,,,,,,,,,,,,,,,
549,X,,,,,,,,,,,,,,,
550,R,,,,,,,,,,,,,,,
551,M,,,,,,,,,,,,,,,
552,K,,,,,,,,,,,,,,,
553,H,,,,,,,,,,,,,,,
554,E,,,,,,,,,,,,,,,
555,C,,,,,,,,,,,,,,,
556,A,,,,,,,,,,,,,,,
557,Y,,,,,,,,,,,,,,,
558,U,,,,,,,,,,,,,,,
559,S,,,,,,,,,,,,,,,
560,L,,,,,,,,,,,,,,,
561,J,,,,,,,,,,,,,,,
562,G,,,,,,,,,,,,,,,
563,D,,,,,,,,,,,,,,,
564,B,,,,,,,,,,,,,,,
565,Z,,,,,,,,,,,,,,,
566,X,,,,,,,,,,,,,,,
567,T,,,,,,,,,,,,,,,
568,R,,,,,,,,,,,,,,,
569,M,,,,,,,,,,,,,,,
570,H,,,,,,,,,,,,,,,
571,E,,,,,,,,,,,,,,,
572,C,,,,,,,,,,,,,,,
573,A,,,,,,,,,,,,,,,
574,Y,,,,,,,,,,,,,,,
575,U,,,,,,,,,,,,,,,
576,S,,,,,,,,,,,,,,,
577,P,,,,,,,,,,,,,,,
578,L,,,,,,,,,,,,,,,
579,J,,,,,,,,,,,,,,,
580,D,,,,,,,,,,,,,,,
581,B,,,,,,,,,,,,,,,
582,Z,,,,,,,,,,,,,,,
583,X,,,,,,,,,,,,,,,
584,T,,,,,,,,,,,,,,,
585,R,,,,,,,,,,,,,,,
586,M,,,,,,,,,,,,,,,
587,K,,,,,,,,,,,,,,,
588,H,,,,,,,,,,,,,,,
589,E,,,,,,,,,,,,,,,
590,A,,,,,,,,,,,,,,,
591,Y,,,,,,,,,,,,,,,
592,U,,,,,,,,,,,,,,,
593,S,,,,,,,,,,,,,,,
594,P,,,,,,,,,,,,,,,
595,L,,,,,,,,,,,,,,,
596,J,,,,,,,,,,,,,,,
597,G,,,,,,,,,,,,,,,
598,D,,,,,,,,,,,,,,,
599,B,,,,,,,,,,,,,,,
600,E,,,,,,,,,,,,,,,
601,C,,,,,,,,,,,,,,,
602,A,,,,,,,,,,,,,,,
603,Y,,,,,,,,,,,,,,,
604,U,,,,,,,,,,,,,,,
605,S,,,,,,,,,,,,,,,
606,P,,,,,,,,,,,,,,,
607,L,,,,,,,,,,,,,,,
608,J,,,,,,,,,,,,,,,
609,G,,,,,,,,,,,,,,,
610,B,,,,,,,,,,,,,,,
611,Z,,,,,,,,,,,,,,,
612,X,,,,,,,,,,,,,,,
613,T,,,,,,,,,,,,,,,
614,R,,,,,,,,,,,,,,,
615,M,,,,,,,,,,,,,,,
616,K,,,,,,,,,,,,,,,
617,H,,,,,,,,,,,,,,,
618,E,,,,,,,,,,,,,,,
619,C,,,,,,,,,,,,,,,
620,Y,,,,,,,,,,,,,,,
621,U,,,,,,,,,,,,,,,
622,S,,,,,,,,,,,,,,,
623,P,,,,,,,,,,,,,,,
624,L,,,,,,,,,,,,,,,
625,J,,,,,,,,,,,,,,,
626,G,,,,,,,,,,,,,,,
627,D,,,,,,,,,,,,,,,
628,B,,,,,,,,,,,,,,,
629,Z,,,,,,,,,,,,,,,
630,T,,,,,,,,,,,,,,,
631,R,,,,,,,,,,,,,,,
632,M,,,,,,,,,,,,,,,
633,K,,,,,,,,,,,,,,,
634,H,,,,,,,,,,,,,,,
635,E,,,,,,,,,,,,,,,
636,C,,,,,,,,,,,,,,,
637,A,,,,,,,,,,,,,,,
638,Y,,,,,,,,,,,,,,,
639,U,,,,,,,,,,,,,,,
640,P,,,,,,,,,,,,,,,
641,L,,,,,,,,,,,,,,,
642,J,,,,,,,,,,,,,,,
643,G,,,,,,,,,,,,,,,
644,D,,,,,,,,,,,,,,,
645,B,,,,,,,,,,,,,,,
646,Z,,,,,,,,,,,,,,,
647,X,,,,,,,,,,,,,,,
648,T,,,,,,,,,,,,,,,
649,R,,,,,,,,,,,,,,,
650,K,,,,,,,,,,,,,,,
651,H,,,,,,,,,,,,,,,
652,E,,,,,,,,,,,,,,,
653,C,,,,,,,,,,,,,,,
654,A,,,,,,,,,,,,,,,
655,Y,,,,,,,,,,,,,,,
656,U,,,,,,,,,,,,,,,
657,S,,,,,,,,,,,,,,,
658,P,,,,,,,,,,,,,,,
659,L,,,,,,,,,,,,,,,
660,G,,,,,,,,,,,,,,,
661,D,,,,,,,,,,,,,,,
662,B,,,,,,,,,,,,,,,
663,Z,,,,,,,,,,,,,,,
664,X,,,,,,,,,,,,,,,
665,T,,,,,,,,,,,,,,,
666,R,,,,,,,,,,,,,,,
667,M,,,,,,,,,,,,,,,
668,K,,,,,,,,,,,,,,,
669,H,,,,,,,,,,,,,,,
670,C,,,,,,,,,,,,,,,
671,A,,,,,,,,,,,,,,,
672,Y,,,,,,,,,,,,,,,
673,U,,,,,,,,,,,,,,,
674,S,,,,,,,,,,,,,,,
675,P,,,,,,,,,,,,,,,
676,L,,,,,,,,,,,,,,,
677,J,,,,,,,,,,,,,,,
678,G,,,,,,,,,,,,,,,
679,D,,,,,,,,,,,,,,,
680,Z,,,,,,,,,,,,,,,
681,X,,,,,,,,,,,,,,,
682,T,,,,,,,,,,,,,,,
683,R,,,,,,,,,,,,,,,
684,M,,,,,,,,,,,,,,,
685,K,,,,,,,,,,,,,,,
686,H,,,,,,,,,,,,,,,
687,E,,,,,,,,,,,,,,,
688,C,,,,,,,,,,,,,,,
689,A,,,,,,,,,,,,,,,
690,U,,,,,,,,,,,,,,,
691,S,,,,,,,,,,,,,,,
692,P,,,,,,,,,,,,,,,
693,L,,,,,,,,,,,,,,,
694,J,,,,,,,,,,,,,,,
695,G,,,,,,,,,,,,,,,
696,D,,,,,,,,,,,,,,,
697,B,,,,,,,,,,,,,,,
698,Z,,,,,,,,,,,,,,,
699,X,,,,,,,,,,,,,,,
700,A,,,,,,,,,,,,,,,
701,Y,,,,,,,,,,,,,,,
702,U,,,,,,,,,,,,,,,
703,S,,,,,,,,,,,,,,,
704,P,,,,,,,,,,,,,,,
705,L,,,,,,,,,,,,,,,
706,J,,,,,,,,,,,,,,,
707,G,,,,,,,,,,,,,,,
708,D,,,,,,,,,,,,,,,
709,B,,,,,,,,,,,,,,,
710,X,,,,,,,,,,,,,,,
711,T,,,,,,,,,,,,,,,
712,R,,,,,,,,,,,,,,,
713,M,,,,,,,,,,,,,,,
714,K,,,,,,,,,,,,,,,
715,H,,,,,,,,,,,,,,,
716,E,,,,,,,,,,,,,,,
717,C,,,,,,,,,,,,,,,
718,A,,,,,,,,,,,,,,,
719,Y,,,,,,,,,,,,,,,
720,S,,,,,,,,,,,,,,,
721,P,,,,,,,,,,,,,,,
722,L,,,,,,,,,,,,,,,
723,J,,,,,,,,,,,,,,,
724,G,,,,,,,,,,,,,,,
725,D,,,,,,,,,,,,,,,
726,B,,,,,,,,,,,,,,,
727,Z,,,,,,,,,,,,,,,
728,X,,,,,,,,,,,,,,,
729,T,,,,,,,,,,,,,,,
730,M,,,,,,,,,,,,,,,
731,K,,,,,,,,,,,,,,,
732,H,,,,,,,,,,,,,,,
733,E,,,,,,,,,,,,,,,
734,C,,,,,,,,,,,,,,,
735,A,,,,,,,,,,,,,,,
736,Y,,,,,,,,,,,,,,,
737,U,,,,,,,,,,,,,,,
738,S,,,,,,,,,,,,,,,
739,P,,,,,,,,,,,,,,,
740,J,,,,,,,,,,,,,,,
741,G,,,,,,,,,,,,,,,
742,D,,,,,,,,,,,,,,,
743,B,,,,,,,,,,,,,,,
744,Z,,,,,,,,,,,,,,,
745,X,,,,,,,,,,,,,,,
746,T,,,,,,,,,,,,,,,
747,R,,,,,,,,,,,,,,,
748,M,,,,,,,,,,,,,,,
749,K,,,,,,,,,,,,,,,
750,E,,,,,,,,,,,,,,,
751,C,,,,,,,,,,,,,,,
752,A,,,,,,,,,,,,,,,
753,Y,,,,,,,,,,,,,,,
754,U,,,,,,,,,,,,,,,
755,S,,,,,,,,,,,,,,,
756,P,,,,,,,,,,,,,,,
757,L,,,,,,,,,,,,,,,
758,J,,,,,,,,,,,,,,,
759,G,,,,,,,,,,,,,,,
760,B,,,,,,,,,,,,,,,
761,Z,,,,,,,,,,,,,,,
762,X,,,,,,,,,,,,,,,
763,T,,,,,,,,,,,,,,,
764,R,,,,,,,,,,,,,,,
765,M,,,,,,,,,,,,,,,
766,K,,,,,,,,,,,,,,,
767,H,,,,,,,,,,,,,,,
768,E,,,,,,,,,,,,,,,
769,C,,,,,,,,,,,,,,,
770,Y,,,,,,,,,,,,,,,
771,U,,,,,,,,,,,,,,,
772,S,,,,,,,,,,,,,,,
773,P,,,,,,,,,,,,,,,
774,L,,,,,,,,,,,,,,,
775,J,,,,,,,,,,,,,,,
776,G,,,,,,,,,,,,,,,
777,D,,,,,,,,,,,,,,,
778,B,,,,,,,,,,,,,,,
779,Z,,,,,,,,,,,,,,,
780,T,,,,,,,,,,,,,,,
781,R,,,,,,,,,,,,,,,
782,M,,,,,,,,,,,,,,,
783,K,,,,,,,,,,,,,,,
784,H,,,,,,,,,,,,,,,
785,E,,,,,,,,,,,,,,,
786,C,,,,,,,,,,,,,,,
787,A,,,,,,,,,,,,,,,
788,Y,,,,,,,,,,,,,,,
789,U,,,,,,,,,,,,,,,
790,P,,,,,,,,,,,,,,,
791,L,,,,,,,,,,,,,,,
792,J,,,,,,,,,,,,,,,
793,G,,,,,,,,,,,,,,,
794,D,,,,,,,,,,,,,,,
795,B,,,,,,,,,,,,,,,
796,Z,,,,,,,,,,,,,,,
797,X,,,,,,,,,,,,,,,
798,T,,,,,,,,,,,,,,,
799,R,,,,,,,,,,,,,,,
800,U,,,,,,,,,,,,,,,
801,S,,,,,,,,,,,,,,,
802,P,,,,,,,,,,,,,,,
803,L,,,,,,,,,,,,,,,
804,J,,,,,,,,,,,,,,,
805,G,,,,,,,,,,,,,,,
806,D,,,,,,,,,,,,,,,
807,B,,,,,,,,,,,,,,,
808,Z,,,,,,,,,,,,,,,
809,X,,,,,,,,,,,,,,,
810,R,,,,,,,,,,,,,,,
811,M,,,,,,,,,,,,,,,
812,K,,,,,,,,,,,,,,,
813,H,,,,,,,,,,,,,,,
814,E,,,,,,,,,,,,,,,
815,C,,,,,,,,,,,,,,,
816,A,,,,,,,,,,,,,,,
817,Y,,,,,,,,,,,,,,,
818,U,,,,,,,,,,,,,,,
819,S,,,,,,,,,,,,,,,
820,L,,,,,,,,,,,,,,,
821,J,,,,,,,,,,,,,,,
822,G,,,,,,,,,,,,,,,
823,D,,,,,,,,,,,,,,,
824,B,,,,,,,,,,,,,,,
825,Z,,,,,,,,,,,,,,,
826,X,,,,,,,,,,,,,,,
827,T,,,,,,,,,,,,,,,
828,R,,,,,,,,,,,,,,,
829,M,,,,,,,,,,,,,,,
830,H,,,,,,,,,,,,,,,
831,E,,,,,,,,,,,,,,,
832,C,,,,,,,,,,,,,,,
833,A,,,,,,,,,,,,,,,
834,Y,,,,,,,,,,,,,,,
835,U,,,,,,,,,,,,,,,
836,S,,,,,,,,,,,,,,,
837,P,,,,,,,,,,,,,,,
838,L,,,,,,,,,,,,,,,
839,J,,,,,,,,,,,,,,,
840,D,,,,,,,,,,,,,,,
841,B,,,,,,,,,,,,,,,
842,Z,,,,,,,,,,,,,,,
843,X,,,,,,,,,,,,,,,
844,T,,,,,,,,,,,,,,,
845,R,,,,,,,,,,,,,,,
846,M,,,,,,,,,,,,,,,
847,K,,,,,,,,,,,,,,,
848,H,,,,,,,,,,,,,,,
849,E,,,,,,,,,,,,,,,
850,A,,,,,,,,,,,,,,,
851,Y,,,,,,,,,,,,,,,
852,U,,,,,,,,,,,,,,,
853,S,,,,,,,,,,,,,,,
854,P,,,,,,,,,,,,,,,
855,L,,,,,,,,,,,,,,,
856,J,,,,,,,,,,,,,,,
857,G,,,,,,,,,,,,,,,
858,D,,,,,,,,,,,,,,,
859,B,,,,,,,,,,,,,,,
860,X,,,,,,,,,,,,,,,
861,T,,,,,,,,,,,,,,,
862,R,,,,,,,,,,,,,,,
863,M,,,,,,,,,,,,,,,
864,K,,,,,,,,,,,,,,,
865,H,,,,,,,,,,,,,,,
866,E,,,,,,,,,,,,,,,
867,C,,,,,,,,,,,,,,,
868,A,,,,,,,,,,,,,,,
869,Y,,,,,,,,,,,,,,,
870,S,,,,,,,,,,,,,,,
871,P,,,,,,,,,,,,,,,
872,L,,,,,,,,,,,,,,,
873,J,,,,,,,,,,,,,,,
874,G,,,,,,,,,,,,,,,
875,D,,,,,,,,,,,,,,,
876,B,,,,,,,,,,,,,,,
877,Z,,,,,,,,,,,,,,,
878,X,,,,,,,,,,,,,,,
879,T,,,,,,,,,,,,,,,
880,M,,,,,,,,,,,,,,,
881,K,,,,,,,,,,,,,,,
882,H,,,,,,,,,,,,,,,
883,E,,,,,,,,,,,,,,,
884,C,,,,,,,,,,,,,,,
885,A,,,,,,,,,,,,,,,
886,Y,,,,,,,,,,,,,,,
887,U,,,,,,,,,,,,,,,
888,S,,,,,,,,,,,,,,,
889,P,,,,,,,,,,,,,,,
890,J,,,,,,,,,,,,,,,
891,G,,,,,,,,,,,,,,,
892,D,,,,,,,,,,,,,,,
893,B,,,,,,,,,,,,,,,
894,Z,,,,,,,,,,,,,,,
895,X,,,,,,,,,,,,,,,
896,T,,,,,,,,,,,,,,,
897,R,,,,,,,,,,,,,,,
898,M,,,,,,,,,,,,,,,
899,K,,,,,,,,,,,,,,,
900,P,,,,,,,,,,,,,,,
901,L,,,,,,,,,,,,,,,
902,J,,,,,,,,,,,,,,,
903,G,,,,,,,,,,,,,,,
904,D,,,,,,,,,,,,,,,
905,B,,,,,,,,,,,,,,,
906,Z,,,,,,,,,,,,,,,
907,X,,,,,,,,,,,,,,,
908,T,,,,,,,,,,,,,,,
909,R,,,,,,,,,,,,,,,
910,K,,,,,,,,,,,,,,,
911,H,,,,,,,,,,,,,,,
912,E,,,,,,,,,,,,,,,
913,C,,,,,,,,,,,,,,,
914,A,,,,,,,,,,,,,,,
915,Y,,,,,,,,,,,,,,,
916,U,,,,,,,,,,,,,,,
917,S,,,,,,,,,,,,,,,
918,P,,,,,,,,,,,,,,,
919,L,,,,,,,,,,,,,,,
920,G,,,,,,,,,,,,,,,
921,D,,,,,,,,,,,,,,,
922,B,,,,,,,,,,,,,,,
923,Z,,,,,,,,,,,,,,,
924,X,,,,,,,,,,,,,,,
925,T,,,,,,,,,,,,,,,
926,R,,,,,,,,,,,,,,,
927,M,,,,,,,,,,,,,,,
928,K,,,,,,,,,,,,,,,
929,H,,,,,,,,,,,,,,,
930,C,,,,,,,,,,,,,,,
931,A,,,,,,,,,,,,,,,
932,Y,,,,,,,,,,,,,,,
933,U,,,,,,,,,,,,,,,
934,S,,,,,,,,,,,,,,,
935,P,,,,,,,,,,,,,,,
936,L,,,,,,,,,,,,,,,
937,J,,,,,,,,,,,,,,,
938,G,,,,,,,,,,,,,,,
939,D,,,,,,,,,,,,,,,
940,Z,,,,,,,,,,,,,,,
941,X,,,,,,,,,,,,,,,
942,T,,,,,,,,,,,,,,,
943,R,,,,,,,,,,,,,,,
944,M,,,,,,,,,,,,,,,
945,K,,,,,,,,,,,,,,,
946,H,,,,,,,,,,,,,,,
947,E,,,,,,,,,,,,,,,
948,C,,,,,,,,,,,,,,,
949,A,,,,,,,,,,,,,,,
950,U,,,,,,,,,,,,,,,
951,S,,,,,,,,,,,,,,,
952,P,,,,,,,,,,,,,,,
953,L,,,,,,,,,,,,,,,
954,J,,,,,,,,,,,,,,,
955,G,,,,,,,,,,,,,,,
956,D,,,,,,,,,,,,,,,
957,B,,,,,,,,,,,,,,,
958,Z,,,,,,,,,,,,,,,
959,X,,,,,,,,,,,,,,,
960,R,,,,,,,,,,,,,,,
961,M,,,,,,,,,,,,,,,
962,K,,,,,,,,,,,,,,,
963,H,,,,,,,,,,,,,,,
964,E,,,,,,,,,,,,,,,
965,C,,,,,,,,,,,,,,,
966,A,,,,,,,,,,,,,,,
967,Y,,,,,,,,,,,,,,,
968,U,,,,,,,,,,,,,,,
969,S,,,,,,,,,,,,,,,
970,L,,,,,,,,,,,,,,,
971,J,,,,,,,,,,,,,,,
972,G,,,,,,,,,,,,,,,
973,D,,,,,,,,,,,,,,,
974,B,,,,,,,,,,,,,,,
975,Z,,,,,,,,,,,,,,,
976,X,,,,,,,,,,,,,,,
977,T,,,,,,,,,,,,,,,
978,R,,,,,,,,,,,,,,,
979,M,,,,,,,,,,,,,,,
980,H,,,,,,,,,,,,,,,
981,E,,,,,,,,,,,,,,,
982,C,,,,,,,,,,,,,,,
983,A,,,,,,,,,,,,,,,
984,Y,,,,,,,,,,,,,,,
985,U,,,,,,,,,,,,,,,
986,S,,,,,,,,,,,,,,,
987,P,,,,,,,,,,,,,,,
988,L,,,,,,,,,,,,,,,
989,J,,,,,,,,,,,,,,,
990,D,,,,,,,,,,,,,,,
991,B,,,,,,,,,,,,,,,
992,Z,,,,,,,,,,,,,,,
993,X,,,,,,,,,,,,,,,
994,T,,,,,,,,,,,,,,,
995,R,,,,,,,,,,,,,,,
996,M,,,,,,,,,,,,,,,
997,K,,,,,,,,,,,,,,,
998,H,,,,,,,,,,,,,,,
999,E,,,,,,,,,,,,,,,
1000,E,,,,,,,,,,,,,,,
1001,C,,,,,,,,,,,,,,,
1002,A,,,,,,,,,,,,,,,
1003,Y,,,,,,,,,,,,,,,
1004,U,,,,,,,,,,,,,,,
1005,S,,,,,,,,,,,,,,,
1006,P,,,,,,,,,,,,,,,
1007,L,,,,,,,,,,,,,,,
1008,J,,,,,,,,,,,,,,,
1009,G,,,,,,,,,,,,,,,
1010,B,,,,,,,,,,,,,,,
1011,Z,,,,,,,,,,,,,,,
1012,X,,,,,,,,,,,,,,,
1013,T,,,,,,,,,,,,,,,
1014,R,,,,,,,,,,,,,,,
1015,M,,,,,,,,,,,,,,,
1016,K,,,,,,,,,,,,,,,
1017,H,,,,,,,,,,,,,,,
1018,E,,,,,,,,,,,,,,,
1019,C,,,,,,,,,,,,,,,
1020,Y,,,,,,,,,,,,,,,
1021,U,,,,,,,,,,,,,,,
1022,S,,,,,,,,,,,,,,,
1023,P,,,,,,,,,,,,,,,
1024,L,,,,,,,,,,,,,,,
1025,J,,,,,,,,,,,,,,,
1026,G,,,,,,,,,,,,,,,
1027,D,,,,,,,,,,,,,,,
1028,B,,,,,,,,,,,,,,,
1029,Z,,,,,,,,,,,,,,,
1030,T,,,,,,,,,,,,,,,
1031,R,,,,,,,,,,,,,,,
1032,M,,,,,,,,,,,,,,,
1033,K,,,,,,,,,,,,,,,
1034,H,,,,,,,,,,,,,,,
1035,E,,,,,,,,,,,,,,,
1036,C,,,,,,,,,,,,,,,
1037,A,,,,,,,,,,,,,,,
1038,Y,,,,,,,,,,,,,,,
1039,U,,,,,,,,,,,,,,,
1040,P,,,,,,,,,,,,,,,
1041,L,,,,,,,,,,,,,,,
1042,J,,,,,,,,,,,,,,,
1043,G,,,,,,,,,,,,,,,
1044,D,,,,,,,,,,,,,,,
1045,B,,,,,,,,,,,,,,,
1046,Z,,,,,,,,,,,,,,,
1047,X,,,,,,,,,,,,,,,
1048,T,,,,,,,,,,,,,,,
1049,R,,,,,,,,,,,,,,,
1050,K,,,,,,,,,,,,,,,
1051,H,,,,,,,,,,,,,,,
1052,E,,,,,,,,,,,,,,,
1053,C,,,,,,,,,,,,,,,
1054,A,,,,,,,,,,,,,,,
1055,Y,,,,,,,,,,,,,,,
1056,U,,,,,,,,,,,,,,,
1057,S,,,,,,,,,,,,,,,
1058,P,,,,,,,,,,,,,,,
1059,L,,,,,,,,,,,,,,,
1060,G,,,,,,,,,,,,,,,
1061,D,,,,,,,,,,,,,,,
1062,B,,,,,,,,,,,,,,,
1063,Z,,,,,,,,,,,,,,,
1064,X,,,,,,,,,,,,,,,
1065,T,,,,,,,,,,,,,,,
1066,R,,,,,,,,,,,,,,,
1067,M,,,,,,,,,,,,,,,
1068,K,,,,,,,,,,,,,,,
1069,H,,,,,,,,,,,,,,,
1070,C,,,,,,,,,,,,,,,
1071,A,,,,,,,,,,,,,,,
1072,Y,,,,,,,,,,,,,,,
1073,U,,,,,,,,,,,,,,,
1074,S,,,,,,,,,,,,,,,
1075,P,,,,,,,,,,,,,,,
1076,L,,,,,,,,,,,,,,,
1077,J,,,,,,,,,,,,,,,
1078,G,,,,,,,,,,,,,,,
1079,D,,,,,,,,,,,,,,,
1080,Z,,,,,,,,,,,,,,,
1081,X,,,,,,,,,,,,,,,
1082,T,,,,,,,,,,,,,,,
1083,R,,,,,,,,,,,,,,,
1084,M,,,,,,,,,,,,,,,
1085,K,,,,,,,,,,,,,,,
1086,H,,,,,,,,,,,,,,,
1087,E,,,,,,,,,,,,,,,
1088,C,,,,,,,,,,,,,,,
1089,A,,,,,,,,,,,,,,,
1090,U,,,,,,,,,,,,,,,
1091,S,,,,,,,,,,,,,,,
1092,P,,,,,,,,,,,,,,,
1093,L,,,,,,,,,,,,,,,
1094,J,,,,,,,,,,,,,,,
1095,G,,,,,,,,,,,,,,,
1096,D,,,,,,,,,,,,,,,
1097,B,,,,,,,,,,,,,,,
1098,Z,,,,,,,,,,,,,,,
1099,X,,,,,,,,,,,,,,,
1100,A,,,,,,,,,,,,,,,
1101,Y,,,,,,,,,,,,,,,
1102,U,,,,,,,,,,,,,,,
1103,S,,,,,,,,,,,,,,,
1104,P,,,,,,,,,,,,,,,
1105,L,,,,,,,,,,,,,,,
1106,J,,,,,,,,,,,,,,,
1107,G,,,,,,,,,,,,,,,
1108,D,,,,,,,,,,,,,,,
1109,B,,,,,,,,,,,,,,,
1110,X,,,,,,,,,,,,,,,
1111,T,,,,,,,,,,,,,,,
1112,R,,,,,,,,,,,,,,,
1113,M,,,,,,,,,,,,,,,
1114,K,,,,,,,,,,,,,,,
1115,H,,,,,,,,,,,,,,,
1116,E,,,,,,,,,,,,,,,
1117,C,,,,,,,,,,,,,,,
1118,A,,,,,,,,,,,,,,,
1119,Y,,,,,,,,,,,,,,,
1120,S,,,,,,,,,,,,,,,
1121,P,,,,,,,,,,,,,,,
1122,L,,,,,,,,,,,,,,,
1123,J,,,,,,,,,,,,,,,
1124,G,,,,,,,,,,,,,,,
1125,D,,,,,,,,,,,,,,,
1126,B,,,,,,,,,,,,,,,
1127,Z,,,,,,,,,,,,,,,
1128,X,,,,,,,,,,,,,,,
1129,T,,,,,,,,,,,,,,,
1130,M,,,,,,,,,,,,,,,
1131,K,,,,,,,,,,,,,,,
1132,H,,,,,,,,,,,,,,,
1133,E,,,,,,,,,,,,,,,
1134,C,,,,,,,,,,,,,,,
1135,A,,,,,,,,,,,,,,,
1136,Y,,,,,,,,,,,,,,,
1137,U,,,,,,,,,,,,,,,
1138,S,,,,,,,,,,,,,,,
1139,P,,,,,,,,,,,,,,,
1140,J,,,,,,,,,,,,,,,
1141,G,,,,,,,,,,,,,,,
1142,D,,,,,,,,,,,,,,,
1143,B,,,,,,,,,,,,,,,
1144,Z,,,,,,,,,,,,,,,
1145,X,,,,,,,,,,,,,,,
1146,T,,,,,,,,,,,,,,,
1147,R,,,,,,,,,,,,,,,
1148,M,,,,,,,,,,,,,,,
1149,K,,,,,,,,,,,,,,,
1150,E,,,,,,,,,,,,,,,
1151,C,,,,,,,,,,,,,,,
1152,A,,,,,,,,,,,,,,,
1153,Y,,,,,,,,,,,,,,,
1154,U,,,,,,,,,,,,,,,
1155,S,,,,,,,,,,,,,,,
1156,P,,,,,,,,,,,,,,,
1157,L,,,,,,,,,,,,,,,
1158,J,,,,,,,,,,,,,,,
1159,G,,,,,,,,,,,,,,,
1160,B,,,,,,,,,,,,,,,
1161,Z,,,,,,,,,,,,,,,
1162,X,,,,,,,,,,,,,,,
1163,T,,,,,,,,,,,,,,,
1164,R,,,,,,,,,,,,,,,
1165,M,,,,,,,,,,,,,,,
1166,K,,,,,,,,,,,,,,,
1167,H,,,,,,,,,,,,,,,
1168,E,,,,,,,,,,,,,,,
1169,C,,,,,,,,,,,,,,,
1170,Y,,,,,,,,,,,,,,,
1171,U,,,,,,,,,,,,,,,
1172,S,,,,,,,,,,,,,,,
1173,P,,,,,,,,,,,,,,,
1174,L,,,,,,,,,,,,,,,
1175,J,,,,,,,,,,,,,,,
1176,G,,,,,,,,,,,,,,,
1177,D,,,,,,,,,,,,,,,
1178,B,,,,,,,,,,,,,,,
1179,Z,,,,,,,,,,,,,,,
1180,T,,,,,,,,,,,,,,,
1181,R,,,,,,,,,,,,,,,
1182,M,,,,,,,,,,,,,,,
1183,K,,,,,,,,,,,,,,,
1184,H,,,,,,,,,,,,,,,
1185,E,,,,,,,,,,,,,,,
1186,C,,,,,,,,,,,,,,,
1187,A,,,,,,,,,,,,,,,
1188,Y,,,,,,,,,,,,,,,
1189,U,,,,,,,,,,,,,,,
1190,P,,,,,,,,,,,,,,,
1191,L,,,,,,,,,,,,,,,
1192,J,,,,,,,,,,,,,,,
1193,G,,,,,,,,,,,,,,,
1194,D,,,,,,,,,,,,,,,
1195,B,,,,,,,,,,,,,,,
1196,Z,,,,,,,,,,,,,,,
1197,X,,,,,,,,,,,,,,,
1198,T,,,,,,,,,,,,,,,
1199,R,,,,,,,,,,,,,,,
1200,U,,,,,,,,,,,,,,,
1201,S,,,,,,,,,,,,,,,
1202,P,,,,,,,,,,,,,,,
1203,L,,,,,,,,,,,,,,,
1204,J,,,,,,,,,,,,,,,
1205,G,,,,,,,,,,,,,,,
1206,D,,,,,,,,,,,,,,,
1207,B,,,,,,,,,,,,,,,
1208,Z,,,,,,,,,,,,,,,
1209,X,,,,,,,,,,,,,,,
1210,R,,,,,,,,,,,,,,,
1211,M,,,,,,,,,,,,,,,
1212,K,,,,,,,,,,,,,,,
1213,H,,,,,,,,,,,,,,,
1214,E,,,,,,,,,,,,,,,
1215,C,,,,,,,,,,,,,,,
1216,A,,,,,,,,,,,,,,,
1217,Y,,,,,,,,,,,,,,,
1218,U,,,,,,,,,,,,,,,
1219,S,,,,,,,,,,,,,,,
1220,L,,,,,,,,,,,,,,,
1221,J,,,,,,,,,,,,,,,
1222,G,,,,,,,,,,,,,,,
1223,D,,,,,,,,,,,,,,,
1224,B,,,,,,,,,,,,,,,
1225,Z,,,,,,,,,,,,,,,
1226,X,,,,,,,,,,,,,,,
1227,T,,,,,,,,,,,,,,,
1228,R,,,,,,,,,,,,,,,
1229,M,,,,,,,,,,,,,,,
1230,H,,,,,,,,,,,,,,,
1231,E,,,,,,,,,,,,,,,
1232,C,,,,,,,,,,,,,,,
1233,A,,,,,,,,,,,,,,,
1234,Y,,,,,,,,,,,,,,,
1235,U,,,,,,,,,,,,,,,
1236,S,,,,,,,,,,,,,,,
1237,P,,,,,,,,,,,,,,,
1238,L,,,,,,,,,,,,,,,
1239,J,,,,,,,,,,,,,,,
1240,D,,,,,,,,,,,,,,,
1241,B,,,,,,,,,,,,,,,
1242,Z,,,,,,,,,,,,,,,
1243,X,,,,,,,,,,,,,,,
1244,T,,,,,,,,,,,,,,,
1245,R,,,,,,,,,,,,,,,
1246,M,,,,,,,,,,,,,,,
1247,K,,,,,,,,,,,,,,,
1248,H,,,,,,,,,,,,,,,
1249,E,,,,,,,,,,,,,,,
1250,A,,,,,,,,,,,,,,,
1251,Y,,,,,,,,,,,,,,,
1252,U,,,,,,,,,,,,,,,
1253,S,,,,,,,,,,,,,,,
1254,P,,,,,,,,,,,,,,,
1255,L,,,,,,,,,,,,,,,
1256,J,,,,,,,,,,,,,,,
1257,G,,,,,,,,,,,,,,,
1258,D,,,,,,,,,,,,,,,
1259,B,,,,,,,,,,,,,,,
1260,X,,,,,,,,,,,,,,,
1261,T,,,,,,,,,,,,,,,
1262,R,,,,,,,,,,,,,,,
1263,M,,,,,,,,,,,,,,,
1264,K,,,,,,,,,,,,,,,
1265,H,,,,,,,,,,,,,,,
1266,E,,,,,,,,,,,,,,,
1267,C,,,,,,,,,,,,,,,
1268,A,,,,,,,,,,,,,,,
1269,Y,,,,,,,,,,,,,,,
1270,S,,,,,,,,,,,,,,,
1271,P,,,,,,,,,,,,,,,
1272,L,,,,,,,,,,,,,,,
1273,J,,,,,,,,,,,,,,,
1274,G,,,,,,,,,,,,,,,
1275,D,,,,,,,,,,,,,,,
1276,B,,,,,,,,,,,,,,,
1277,Z,,,,,,,,,,,,,,,
1278,X,,,,,,,,,,,,,,,
1279,T,,,,,,,,,,,,,,,
1280,M,,,,,,,,,,,,,,,
1281,K,,,,,,,,,,,,,,,
1282,H,,,,,,,,,,,,,,,
1283,E,,,,,,,,,,,,,,,
1284,C,,,,,,,,,,,,,,,
1285,A,,,,,,,,,,,,,,,
1286,Y,,,,,,,,,,,,,,,
1287,U,,,,,,,,,,,,,,,
1288,S,,,,,,,,,,,,,,,
1289,P,,,,,,,,,,,,,,,
1290,J,,,,,,,,,,,,,,,
1291,G,,,,,,,,,,,,,,,
1292,D,,,,,,,,,,,,,,,
1293,B,,,,,,,,,,,,,,,
1294,Z,,,,,,,,,,,,,,,
1295,X,,,,,,,,,,,,,,,
1296,T,,,,,,,,,,,,,,,
1297,R,,,,,,,,,,,,,,,
1298,M,,,,,,,,,,,,,,,
1299,K,,,,,,,,,,,,,,,
1300,P,,,,,,,,,,,,,,,
1301,L,,,,,,,,,,,,,,,
1302,J,,,,,,,,,,,,,,,
1303,G,,,,,,,,,,,,,,,
1304,D,,,,,,,,,,,,,,,
1305,B,,,,,,,,,,,,,,,
1306,Z,,,,,,,,,,,,,,,
1307,X,,,,,,,,,,,,,,,
1308,T,,,,,,,,,,,,,,,
1309,R,,,,,,,,,,,,,,,
1310,K,,,,,,,,,,,,,,,
1311,H,,,,,,,,,,,,,,,
1312,E,,,,,,,,,,,,,,,
1313,C,,,,,,,,,,,,,,,
1314,A,,,,,,,,,,,,,,,
1315,Y,,,,,,,,,,,,,,,
1316,U,,,,,,,,,,,,,,,
1317,S,,,,,,,,,,,,,,,
1318,P,,,,,,,,,,,,,,,
1319,L,,,,,,,,,,,,,,,
1320,G,,,,,,,,,,,,,,,
1321,D,,,,,,,,,,,,,,,
1322,B,,,,,,,,,,,,,,,
1323,Z,,,,,,,,,,,,,,,
1324,X,,,,,,,,,,,,,,,
1325,T,,,,,,,,,,,,,,,
1326,R,,,,,,,,,,,,,,,
1327,M,,,,,,,,,,,,,,,
1328,K,,,,,,,,,,,,,,,
1329,H,,,,,,,,,,,,,,,
1330,C,,,,,,,,,,,,,,,
1331,A,,,,,,,,,,,,,,,
1332,Y,,,,,,,,,,,,,,,
1333,U,,,,,,,,,,,,,,,
1334,S,,,,,,,,,,,,,,,
1335,P,,,,,,,,,,,,,,,
1336,L,,,,,,,,,,,,,,,
1337,J,,,,,,,,,,,,,,,
1338,G,,,,,,,,,,,,,,,
1339,D,,,,,,,,,,,,,,,
1340,Z,,,,,,,,,,,,,,,
1341,X,,,,,,,,,,,,,,,
1342,T,,,,,,,,,,,,,,,
1343,R,,,,,,,,,,,,,,,
1344,M,,,,,,,,,,,,,,,
1345,K,,,,,,,,,,,,,,,
1346,H,,,,,,,,,,,,,,,
1347,E,,,,,,,,,,,,,,,
1348,C,,,,,,,,,,,,,,,
1349,A,,,,,,,,,,,,,,,
1350,U,,,,,,,,,,,,,,,
1351,S,,,,,,,,,,,,,,,
1352,P,,,,,,,,,,,,,,,
1353,L,,,,,,,,,,,,,,,
1354,J,,,,,,,,,,,,,,,
1355,G,,,,,,,,,,,,,,,
1356,D,,,,,,,,,,,,,,,
1357,B,,,,,,,,,,,,,,,
1358,Z,,,,,,,,,,,,,,,
1359,X,,,,,,,,,,,,,,,
1360,R,,,,,,,,,,,,,,,
1361,M,,,,,,,,,,,,,,,
1362,K,,,,,,,,,,,,,,,
1363,H,,,,,,,,,,,,,,,
1364,E,,,,,,,,,,,,,,,
1365,C,,,,,,,,,,,,,,,
1366,A,,,,,,,,,,,,,,,
1367,Y,,,,,,,,,,,,,,,
1368,U,,,,,,,,,,,,,,,
1369,S,,,,,,,,,,,,,,,
1370,L,,,,,,,,,,,,,,,
1371,J,,,,,,,,,,,,,,,
1372,G,,,,,,,,,,,,,,,
1373,D,,,,,,,,,,,,,,,
1374,B,,,,,,,,,,,,,,,
1375,Z,,,,,,,,,,,,,,,
1376,X,,,,,,,,,,,,,,,
1377,T,,,,,,,,,,,,,,,
1378,R,,,,,,,,,,,,,,,
1379,M,,,,,,,,,,,,,,,
1380,H,,,,,,,,,,,,,,,
1381,E,,,,,,,,,,,,,,,
1382,C,,,,,,,,,,,,,,,
1383,A,,,,,,,,,,,,,,,
1384,Y,,,,,,,,,,,,,,,
1385,U,,,,,,,,,,,,,,,
1386,S,,,,,,,,,,,,,,,
1387,P,,,,,,,,,,,,,,,
1388,L,,,,,,,,,,,,,,,
1389,J,,,,,,,,,,,,,,,
1390,D,,,,,,,,,,,,,,,
1391,B,,,,,,,,,,,,,,,
1392,Z,,,,,,,,,,,,,,,
1393,X,,,,,,,,,,,,,,,
1394,T,,,,,,,,,,,,,,,
1395,R,,,,,,,,,,,,,,,
1396,M,,,,,,,,,,,,,,,
1397,K,,,,,,,,,,,,,,,
1398,H,,,,,,,,,,,,,,,
1399,E,,,,,,,,,,,,,,,
1400,J,,,,,,,,,,,,,,,
1401,G,,,,,,,,,,,,,,,
1402,D,,,,,,,,,,,,,,,
1403,B,,,,,,,,,,,,,,,
1404,Z,,,,,,,,,,,,,,,
1405,X,,,,,,,,,,,,,,,
1406,T,,,,,,,,,,,,,,,
1407,R,,,,,,,,,,,,,,,
1408,M,,,,,,,,,,,,,,,
1409,K,,,,,,,,,,,,,,,
1410,E,,,,,,,,,,,,,,,
1411,C,,,,,,,,,,,,,,,
1412,A,,,,,,,,,,,,,,,
1413,Y,,,,,,,,,,,,,,,
1414,U,,,,,,,,,,,,,,,
1415,S,,,,,,,,,,,,,,,
1416,P,,,,,,,,,,,,,,,
1417,L,,,,,,,,,,,,,,,
1418,J,,,,,,,,,,,,,,,
1419,G,,,,,,,,,,,,,,,
1420,B,,,,,,,,,,,,,,,
1421,Z,,,,,,,,,,,,,,,
1422,X,,,,,,,,,,,,,,,
1423,T,,,,,,,,,,,,,,,
1424,R,,,,,,,,,,,,,,,
1425,M,,,,,,,,,,,,,,,
1426,K,,,,,,,,,,,,,,,
1427,H,,,,,,,,,,,,,,,
1428,E,,,,,,,,,,,,,,,
1429,C,,,,,,,,,,,,,,,
1430,Y,,,,,,,,,,,,,,,
1431,U,,,,,,,,,,,,,,,
1432,S,,,,,,,,,,,,,,,
1433,P,,,,,,,,,,,,,,,
1434,L,,,,,,,,,,,,,,,
1435,J,,,,,,,,,,,,,,,
1436,G,,,,,,,,,,,,,,,
1437,D,,,,,,,,,,,,,,,
1438,B,,,,,,,,,,,,,,,
1439,Z,,,,,,,,,,,,,,,
1440,T,,,,,,,,,,,,,,,
1441,R,,,,,,,,,,,,,,,
1442,M,,,,,,,,,,,,,,,
1443,K,,,,,,,,,,,,,,,
1444,H,,,,,,,,,,,,,,,
1445,E,,,,,,,,,,,,,,,
1446,C,,,,,,,,,,,,,,,
1447,A,,,,,,,,,,,,,,,
1448,Y,,,,,,,,,,,,,,,
1449,U,,,,,,,,,,,,,,,
1450,P,,,,,,,,,,,,,,,
1451,L,,,,,,,,,,,,,,,
1452,J,,,,,,,,,,,,,,,
1453,G,,,,,,,,,,,,,,,
1454,D,,,,,,,,,,,,,,,
1455,B,,,,,,,,,,,,,,,
1456,Z,,,,,,,,,,,,,,,
1457,X,,,,,,,,,,,,,,,
1458,T,,,,,,,,,,,,,,,
1459,R,,,,,,,,,,,,,,,
1460,K,,,,,,,,,,,,,,,
1461,H,,,,,,,,,,,,,,,
1462,E,,,,,,,,,,,,,,,
1463,C,,,,,,,,,,,,,,,
1464,A,,,,,,,,,,,,,,,
1465,Y,,,,,,,,,,,,,,,
1466,U,,,,,,,,,,,,,,,
1467,S,,,,,,,,,,,,,,,
1468,P,,,,,,,,,,,,,,,
1469,L,,,,,,,,,,,,,,,
1470,G,,,,,,,,,,,,,,,
1471,D,,,,,,,,,,,,,,,
1472,B,,,,,,,,,,,,,,,
1473,Z,,,,,,,,,,,,,,,
1474,X,,,,,,,,,,,,,,,
1475,T,,,,,,,,,,,,,,,
1476,R,,,,,,,,,,,,,,,
1477,M,,,,,,,,,,,,,,,
1478,K,,,,,,,,,,,,,,,
1479,H,,,,,,,,,,,,,,,
1480,C,,,,,,,,,,,,,,,
1481,A,,,,,,,,,,,,,,,
1482,Y,,,,,,,,,,,,,,,
1483,U,,,,,,,,,,,,,,,
1484,S,,,,,,,,,,,,,,,
1485,P,,,,,,,,,,,,,,,
1486,L,,,,,,,,,,,,,,,
1487,J,,,,,,,,,,,,,,,
1488,G,,,,,,,,,,,,,,,
1489,D,,,,,,,,,,,,,,,
1490,Z,,,,,,,,,,,,,,,
1491,X,,,,,,,,,,,,,,,
1492,T,,,,,,,,,,,,,,,
1493,R,,,,,,,,,,,,,,,
1494,M,,,,,,,,,,,,,,,
1495,K,,,,,,,,,,,,,,,
1496,H,,,,,,,,,,,,,,,
1497,E,,,,,,,,,,,,,,,
1498,C,,,,,,,,,,,,,,,
1499,A,,,,,,,,,,,,,,,
1500,D,,,,,,,,,,,,,,,
1501,B,,,,,,,,,,,,,,,
1502,Z,,,,,,,,,,,,,,,
1503,X,,,,,,,,,,,,,,,
1504,T,,,,,,,,,,,,,,,
1505,R,,,,,,,,,,,,,,,
1506,M,,,,,,,,,,,,,,,
1507,K,,,,,,,,,,,,,,,
1508,H,,,,,,,,,,,,,,,
1509,E,,,,,,,,,,,,,,,
1510,A,,,,,,,,,,,,,,,
1511,Y,,,,,,,,,,,,,,,
1512,U,,,,,,,,,,,,,,,
1513,S,,,,,,,,,,,,,,,
1514,P,,,,,,,,,,,,,,,
1515,L,,,,,,,,,,,,,,,
1516,J,,,,,,,,,,,,,,,
1517,G,,,,,,,,,,,,,,,
1518,D,,,,,,,,,,,,,,,
1519,B,,,,,,,,,,,,,,,
1520,X,,,,,,,,,,,,,,,
1521,T,,,,,,,,,,,,,,,
1522,R,,,,,,,,,,,,,,,
1523,M,,,,,,,,,,,,,,,
1524,K,,,,,,,,,,,,,,,
1525,H,,,,,,,,,,,,,,,
1526,E,,,,,,,,,,,,,,,
1527,C,,,,,,,,,,,,,,,
1528,A,,,,,,,,,,,,,,,
1529,Y,,,,,,,,,,,,,,,
1530,S,,,,,,,,,,,,,,,
1531,P,,,,,,,,,,,,,,,
1532,L,,,,,,,,,,,,,,,
1533,J,,,,,,,,,,,,,,,
1534,G,,,,,,,,,,,,,,,
1535,D,,,,,,,,,,,,,,,
1536,B,,,,,,,,,,,,,,,
1537,Z,,,,,,,,,,,,,,,
1538,X,,,,,,,,,,,,,,,
1539,T,,,,,,,,,,,,,,,
1540,M,,,,,,,,,,,,,,,
1541,K,,,,,,,,,,,,,,,
1542,H,,,,,,,,,,,,,,,
1543,E,,,,,,,,,,,,,,,
1544,C,,,,,,,,,,,,,,,
1545,A,,,,,,,,,,,,,,,
1546,Y,,,,,,,,,,,,,,,
1547,U,,,,,,,,,,,,,,,
1548,S,,,,,,,,,,,,,,,
1549,P,,,,,,,,,,,,,,,
1550,J,,,,,,,,,,,,,,,
1551,G,,,,,,,,,,,,,,,
1552,D,,,,,,,,,,,,,,,
1553,B,,,,,,,,,,,,,,,
1554,Z,,,,,,,,,,,,,,,
1555,X,,,,,,,,,,,,,,,
1556,T,,,,,,,,,,,,,,,
1557,R,,,,,,,,,,,,,,,
1558,M,,,,,,,,,,,,,,,
1559,K,,,,,,,,,,,,,,,
1560,E,,,,,,,,,,,,,,,
1561,C,,,,,,,,,,,,,,,
1562,A,,,,,,,,,,,,,,,
1563,Y,,,,,,,,,,,,,,,
1564,U,,,,,,,,,,,,,,,
1565,S,,,,,,,,,,,,,,,
1566,P,,,,,,,,,,,,,,,
1567,L,,,,,,,,,,,,,,,
1568,J,,,,,,,,,,,,,,,
1569,G,,,,,,,,,,,,,,,
1570,B,,,,,,,,,,,,,,,
1571,Z,,,,,,,,,,,,,,,
1572,X,,,,,,,,,,,,,,,
1573,T,,,,,,,,,,,,,,,
1574,R,,,,,,,,,,,,,,,
1575,M,,,,,,,,,,,,,,,
1576,K,,,,,,,,,,,,,,,
1577,H,,,,,,,,,,,,,,,
1578,E,,,,,,,,,,,,,,,
1579,C,,,,,,,,,,,,,,,
1580,Y,,,,,,,,,,,,,,,
1581,U,,,,,,,,,,,,,,,
1582,S,,,,,,,,,,,,,,,
1583,P,,,,,,,,,,,,,,,
1584,L,,,,,,,,,,,,,,,
1585,J,,,,,,,,,,,,,,,
1586,G,,,,,,,,,,,,,,,
1587,D,,,,,,,,,,,,,,,
1588,B,,,,,,,,,,,,,,,
1589,Z,,,,,,,,,,,,,,,
1590,T,,,,,,,,,,,,,,,
1591,R,,,,,,,,,,,,,,,
1592,M,,,,,,,,,,,,,,,
1593,K,,,,,,,,,,,,,,,
1594,H,,,,,,,,,,,,,,,
1595,E,,,,,,,,,,,,,,,
1596,C,,,,,,,,,,,,,,,
1597,A,,,,,,,,,,,,,,,
1598,Y,,,,,,,,,,,,,,,
1599,U,,,,,,,,,,,,,,,
1600,Z,,,,,,,,,,,,,,,
1601,X,,,,,,,,,,,,,,,
1602,T,,,,,,,,,,,,,,,
1603,R,,,,,,,,,,,,,,,
1604,M,,,,,,,,,,,,,,,
1605,K,,,,,,,,,,,,,,,
1606,H,,,,,,,,,,,,,,,
1607,E,,,,,,,,,,,,,,,
1608,C,,,,,,,,,,,,,,,
1609,A,,,,,,,,,,,,,,,
1610,U,,,,,,,,,,,,,,,
1611,S,,,,,,,,,,,,,,,
1612,P,,,,,,,,,,,,,,,
1613,L,,,,,,,,,,,,,,,
1614,J,,,,,,,,,,,,,,,
1615,G,,,,,,,,,,,,,,,
1616,D,,,,,,,,,,,,,,,
1617,B,,,,,,,,,,,,,,,
1618,Z,,,,,,,,,,,,,,,
1619,X,,,,,,,,,,,,,,,
1620,R,,,,,,,,,,,,,,,
1621,M,,,,,,,,,,,,,,,
1622,K,,,,,,,,,,,,,,,
1623,H,,,,,,,,,,,,,,,
1624,E,,,,,,,,,,,,,,,
1625,C,,,,,,,,,,,,,,,
1626,A,,,,,,,,,,,,,,,
1627,Y,,,,,,,,,,,,,,,
1628,U,,,,,,,,,,,,,,,
1629,S,,,,,,,,,,,,,,,
1630,L,,,,,,,,,,,,,,,
1631,J,,,,,,,,,,,,,,,
1632,G,,,,,,,,,,,,,,,
1633,D,,,,,,,,,,,,,,,
1634,B,,,,,,,,,,,,,,,
1635,Z,,,,,,,,,,,,,,,
1636,X,,,,,,,,,,,,,,,
1637,T,,,,,,,,,,,,,,,
1638,R,,,,,,,,,,,,,,,
1639,M,,,,,,,,,,,,,,,
1640,H,,,,,,,,,,,,,,,
1641,E,,,,,,,,,,,,,,,
1642,C,,,,,,,,,,,,,,,
1643,A,,,,,,,,,,,,,,,
1644,Y,,,,,,,,,,,,,,,
1645,U,,,,,,,,,,,,,,,
1646,S,,,,,,,,,,,,,,,
1647,P,,,,,,,,,,,,,,,
1648,L,,,,,,,,,,,,,,,
1649,J,,,,,,,,,,,,,,,
1650,D,,,,,,,,,,,,,,,
1651,B,,,,,,,,,,,,,,,
1652,Z,,,,,,,,,,,,,,,
1653,X,,,,,,,,,,,,,,,
1654,T,,,,,,,,,,,,,,,
1655,R,,,,,,,,,,,,,,,
1656,M,,,,,,,,,,,,,,,
1657,K,,,,,,,,,,,,,,,
1658,H,,,,,,,,,,,,,,,
1659,E,,,,,,,,,,,,,,,
1660,A,,,,,,,,,,,,,,,
1661,Y,,,,,,,,,,,,,,,
1662,U,,,,,,,,,,,,,,,
1663,S,,,,,,,,,,,,,,,
1664,P,,,,,,,,,,,,,,,
1665,L,,,,,,,,,,,,,,,
1666,J,,,,,,,,,,,,,,,
1667,G,,,,,,,,,,,,,,,
1668,D,,,,,,,,,,,,,,,
1669,B,,,,,,,,,,,,,,,
1670,X,,,,,,,,,,,,,,,
1671,T,,,,,,,,,,,,,,,
1672,R,,,,,,,,,,,,,,,
1673,M,,,,,,,,,,,,,,,
1674,K,,,,,,,,,,,,,,,
1675,H,,,,,,,,,,,,,,,
1676,E,,,,,,,,,,,,,,,
1677,C,,,,,,,,,,,,,,,
1678,A,,,,,,,,,,,,,,,
1679,Y,,,,,,,,,,,,,,,
1680,S,,,,,,,,,,,,,,,
1681,P,,,,,,,,,,,,,,,
1682,L,,,,,,,,,,,,,,,
1683,J,,,,,,,,,,,,,,,
1684,G,,,,,,,,,,,,,,,
1685,D,,,,,,,,,,,,,,,
1686,B,,,,,,,,,,,,,,,
1687,Z,,,,,,,,,,,,,,,
1688,X,,,,,,,,,,,,,,,
1689,T,,,,,,,,,,,,,,,
1690,M,,,,,,,,,,,,,,,
1691,K,,,,,,,,,,,,,,,
1692,H,,,,,,,,,,,,,,,
1693,E,,,,,,,,,,,,,,,
1694,C,,,,,,,,,,,,,,,
1695,A,,,,,,,,,,,,,,,
1696,Y,,,,,,,,,,,,,,,
1697,U,,,,,,,,,,,,,,,
1698,S,,,,,,,,,,,,,,,
1699,P,,,,,,,,,,,,,,,
1700,T,,,,,,,,,,,,,,,
1701,R,,,,,,,,,,,,,,,
1702,M,,,,,,,,,,,,,,,
1703,K,,,,,,,,,,,,,,,
1704,H,,,,,,,,,,,,,,,
1705,E,,,,,,,,,,,,,,,
1706,C,,,,,,,,,,,,,,,
1707,A,,,,,,,,,,,,,,,
1708,Y,,,,,,,,,,,,,,,
1709,U,,,,,,,,,,,,,,,
1710,P,,,,,,,,,,,,,,,
1711,L,,,,,,,,,,,,,,,
1712,J,,,,,,,,,,,,,,,
1713,G,,,,,,,,,,,,,,,
1714,D,,,,,,,,,,,,,,,
1715,B,,,,,,,,,,,,,,,
1716,Z,,,,,,,,,,,,,,,
1717,X,,,,,,,,,,,,,,,
1718,T,,,,,,,,,,,,,,,
1719,R,,,,,,,,,,,,,,,
1720,K,,,,,,,,,,,,,,,
1721,H,,,,,,,,,,,,,,,
1722,E,,,,,,,,,,,,,,,
1723,C,,,,,,,,,,,,,,,
1724,A,,,,,,,,,,,,,,,
1725,Y,,,,,,,,,,,,,,,
1726,U,,,,,,,,,,,,,,,
1727,S,,,,,,,,,,,,,,,
1728,P,,,,,,,,,,,,,,,
1729,L,,,,,,,,,,,,,,,
1730,G,,,,,,,,,,,,,,,
1731,D,,,,,,,,,,,,,,,
1732,B,,,,,,,,,,,,,,,
1733,Z,,,,,,,,,,,,,,,
1734,X,,,,,,,,,,,,,,,
1735,T,,,,,,,,,,,,,,,
1736,R,,,,,,,,,,,,,,,
1737,M,,,,,,,,,,,,,,,
1738,K,,,,,,,,,,,,,,,
1739,H,,,,,,,,,,,,,,,
1740,C,,,,,,,,,,,,,,,
1741,A,,,,,,,,,,,,,,,
1742,Y,,,,,,,,,,,,,,,
1743,U,,,,,,,,,,,,,,,
1744,S,,,,,,,,,,,,,,,
1745,P,,,,,,,,,,,,,,,
1746,L,,,,,,,,,,,,,,,
1747,J,,,,,,,,,,,,,,,
1748,G,,,,,,,,,,,,,,,
1749,D,,,,,,,,,,,,,,,
1750,Z,,,,,,,,,,,,,,,
1751,X,,,,,,,,,,,,,,,
1752,T,,,,,,,,,,,,,,,
1753,R,,,,,,,,,,,,,,,
1754,M,,,,,,,,,,,,,,,
1755,K,,,,,,,,,,,,,,,
1756,H,,,,,,,,,,,,,,,
1757,E,,,,,,,,,,,,,,,
1758,C,,,,,,,,,,,,,,,
1759,A,,,,,,,,,,,,,,,
1760,U,,,,,,,,,,,,,,,
1761,S,,,,,,,,,,,,,,,
1762,P,,,,,,,,,,,,,,,
1763,L,,,,,,,,,,,,,,,
1764,J,,,,,,,,,,,,,,,
1765,G,,,,,,,,,,,,,,,
1766,D,,,,,,,,,,,,,,,
1767,B,,,,,,,,,,,,,,,
1768,Z,,,,,,,,,,,,,,,
1769,X,,,,,,,,,,,,,,,
1770,R,,,,,,,,,,,,,,,
1771,M,,,,,,,,,,,,,,,
1772,K,,,,,,,,,,,,,,,
1773,H,,,,,,,,,,,,,,,
1774,E,,,,,,,,,,,,,,,
1775,C,,,,,,,,,,,,,,,
1776,A,,,,,,,,,,,,,,,
1777,Y,,,,,,,,,,,,,,,
1778,U,,,,,,,,,,,,,,,
1779,S,,,,,,,,,,,,,,,
1780,L,,,,,,,,,,,,,,,
1781,J,,,,,,,,,,,,,,,
1782,G,,,,,,,,,,,,,,,
1783,D,,,,,,,,,,,,,,,
1784,B,,,,,,,,,,,,,,,
1785,Z,,,,,,,,,,,,,,,
1786,X,,,,,,,,,,,,,,,
1787,T,,,,,,,,,,,,,,,
1788,R,,,,,,,,,,,,,,,
1789,M,,,,,,,,,,,,,,,
1790,H,,,,,,,,,,,,,,,
1791,E,,,,,,,,,,,,,,,
1792,C,,,,,,,,,,,,,,,
1793,A,,,,,,,,,,,,,,,
1794,Y,,,,,,,,,,,,,,,
1795,U,,,,,,,,,,,,,,,
1796,S,,,,,,,,,,,,,,,
1797,P,,,,,,,,,,,,,,,
1798,L,,,,,,,,,,,,,,,
1799,J,,,,,,,,,,,,,,,
1800,M,,,,,,,,,,,,,,,
1801,K,,,,,,,,,,,,,,,
1802,H,,,,,,,,,,,,,,,
1803,E,,,,,,,,,,,,,,,
1804,C,,,,,,,,,,,,,,,
1805,A,,,,,,,,,,,,,,,
1806,Y,,,,,,,,,,,,,,,
1807,U,,,,,,,,,,,,,,,
1808,S,,,,,,,,,,,,,,,
1809,P,,,,,,,,,,,,,,,
1810,J,,,,,,,,,,,,,,,
1811,G,,,,,,,,,,,,,,,
1812,D,,,,,,,,,,,,,,,
1813,B,,,,,,,,,,,,,,,
1814,Z,,,,,,,,,,,,,,,
1815,X,,,,,,,,,,,,,,,
1816,T,,,,,,,,,,,,,,,
1817,R,,,,,,,,,,,,,,,
1818,M,,,,,,,,,,,,,,,
1819,K,,,,,,,,,,,,,,,
1820,E,,,,,,,,,,,,,,,
1821,C,,,,,,,,,,,,,,,
1822,A,,,,,,,,,,,,,,,
1823,Y,,,,,,,,,,,,,,,
1824,U,,,,,,,,,,,,,,,
1825,S,,,,,,,,,,,,,,,
1826,P,,,,,,,,,,,,,,,
1827,L,,,,,,,,,,,,,,,
1828,J,,,,,,,,,,,,,,,
1829,G,,,,,,,,,,,,,,,
1830,B,,,,,,,,,,,,,,,
1831,Z,,,,,,,,,,,,,,,
1832,X,,,,,,,,,,,,,,,
1833,T,,,,,,,,,,,,,,,
1834,R,,,,,,,,,,,,,,,
1835,M,,,,,,,,,,,,,,,
1836,K,,,,,,,,,,,,,,,
1837,H,,,,,,,,,,,,,,,
1838,E,,,,,,,,,,,,,,,
1839,C,,,,,,,,,,,,,,,
1840,Y,,,,,,,,,,,,,,,
1841,U,,,,,,,,,,,,,,,
1842,S,,,,,,,,,,,,,,,
1843,P,,,,,,,,,,,,,,,
1844,L,,,,,,,,,,,,,,,
1845,J,,,,,,,,,,,,,,,
1846,G,,,,,,,,,,,,,,,
1847,D,,,,,,,,,,,,,,,
1848,B,,,,,,,,,,,,,,,
1849,Z,,,,,,,,,,,,,,,
1850,T,,,,,,,,,,,,,,,
1851,R,,,,,,,,,,,,,,,
1852,M,,,,,,,,,,,,,,,
1853,K,,,,,,,,,,,,,,,
1854,H,,,,,,,,,,,,,,,
1855,E,,,,,,,,,,,,,,,
1856,C,,,,,,,,,,,,,,,
1857,A,,,,,,,,,,,,,,,
1858,Y,,,,,,,,,,,,,,,
1859,U,,,,,,,,,,,,,,,
1860,P,,,,,,,,,,,,,,,
1861,L,,,,,,,,,,,,,,,
1862,J,,,,,,,,,,,,,,,
1863,G,,,,,,,,,,,,,,,
1864,D,,,,,,,,,,,,,,,
1865,B,,,,,,,,,,,,,,,
1866,Z,,,,,,,,,,,,,,,
1867,X,,,,,,,,,,,,,,,
1868,T,,,,,,,,,,,,,,,
1869,R,,,,,,,,,,,,,,,
1870,K,,,,,,,,,,,,,,,
1871,H,,,,,,,,,,,,,,,
1872,E,,,,,,,,,,,,,,,
1873,C,,,,,,,,,,,,,,,
1874,A,,,,,,,,,,,,,,,
1875,Y,,,,,,,,,,,,,,,
1876,U,,,,,,,,,,,,,,,
1877,S,,,,,,,,,,,,,,,
1878,P,,,,,,,,,,,,,,,
1879,L,,,,,,,,,,,,,,,
1880,G,,,,,,,,,,,,,,,
1881,D,,,,,,,,,,,,,,,
1882,B,,,,,,,,,,,,,,,
1883,Z,,,,,,,,,,,,,,,
1884,X,,,,,,,,,,,,,,,
1885,T,,,,,,,,,,,,,,,
1886,R,,,,,,,,,,,,,,,
1887,M,,,,,,,,,,,,,,,
1888,K,,,,,,,,,,,,,,,
1889,H,,,,,,,,,,,,,,,
1890,C,,,,,,,,,,,,,,,
1891,A,,,,,,,,,,,,,,,
1892,Y,,,,,,,,,,,,,,,
1893,U,,,,,,,,,,,,,,,
1894,S,,,,,,,,,,,,,,,
1895,P,,,,,,,,,,,,,,,
1896,L,,,,,,,,,,,,,,,
1897,J,,,,,,,,,,,,,,,
1898,G,,,,,,,,,,,,,,,
1899,D,,,,,,,,,,,,,,,
1900,H,,,,,,,,,,,,,,,
1901,E,,,,,,,,,,,,,,,
1902,C,,,,,,,,,,,,,,,
1903,A,,,,,,,,,,,,,,,
1904,Y,,,,,,,,,,,,,,,
1905,U,,,,,,,,,,,,,,,
1906,S,,,,,,,,,,,,,,,
1907,P,,,,,,,,,,,,,,,
1908,L,,,,,,,,,,,,,,,
1909,J,,,,,,,,,,,,,,,
1910,D,,,,,,,,,,,,,,,
1911,B,,,,,,,,,,,,,,,
1912,Z,,,,,,,,,,,,,,,
1913,X,,,,,,,,,,,,,,,
1914,T,,,,,,,,,,,,,,,
1915,R,,,,,,,,,,,,,,,
1916,M,,,,,,,,,,,,,,,
1917,K,,,,,,,,,,,,,,,
1918,H,,,,,,,,,,,,,,,
1919,E,,,,,,,,,,,,,,,
1920,A,,,,,,,,,,,,,,,
1921,Y,,,,,,,,,,,,,,,
1922,U,,,,,,,,,,,,,,,
1923,S,,,,,,,,,,,,,,,
1924,P,,,,,,,,,,,,,,,
1925,L,,,,,,,,,,,,,,,
1926,J,,,,,,,,,,,,,,,
1927,G,,,,,,,,,,,,,,,
1928,D,,,,,,,,,,,,,,,
1929,B,,,,,,,,,,,,,,,
1930,X,,,,,,,,,,,,,,,
1931,T,,,,,,,,,,,,,,,
1932,R,,,,,,,,,,,,,,,
1933,M,,,,,,,,,,,,,,,
1934,K,,,,,,,,,,,,,,,
1935,H,,,,,,,,,,,,,,,
1936,E,,,,,,,,,,,,,,,
1937,C,,,,,,,,,,,,,,,
1938,A,,,,,,,,,,,,,,,
1939,Y,,,,,,,,,,,,,,,
1940,S,,,,,,,,,,,,,,,
1941,P,,,,,,,,,,,,,,,
1942,L,,,,,,,,,,,,,,,
1943,J,,,,,,,,,,,,,,,
1944,G,,,,,,,,,,,,,,,
1945,D,,,,,,,,,,,,,,,
1946,B,,,,,,,,,,,,,,,
1947,Z,,,,,,,,,,,,,,,
1948,X,,,,,,,,,,,,,,,
1949,T,,,,,,,,,,,,,,,
1950,M,,,,,,,,,,,,,,,
1951,K,,,,,,,,,,,,,,,
1952,H,,,,,,,,,,,,,,,
1953,E,,,,,,,,,,,,,,,
1954,C,,,,,,,,,,,,,,,
1955,A,,,,,,,,,,,,,,,
1956,Y,,,,,,,,,,,,,,,
1957,U,,,,,,,,,,,,,,,
1958,S,,,,,,,,,,,,,,,
1959,P,,,,,,,,,,,,,,,
1960,J,,,,,,,,,,,,,,,
1961,G,,,,,,,,,,,,,,,
1962,D,,,,,,,,,,,,,,,
1963,B,,,,,,,,,,,,,,,
1964,Z,,,,,,,,,,,,,,,
1965,X,,,,,,,,,,,,,,,
1966,T,,,,,,,,,,,,,,,
1967,R,,,,,,,,,,,,,,,
1968,M,,,,,,,,,,,,,,,
1969,K,,,,,,,,,,,,,,,
1970,E,,,,,,,,,,,,,,,
1971,C,,,,,,,,,,,,,,,
1972,A,,,,,,,,,,,,,,,
1973,Y,,,,,,,,,,,,,,,
1974,U,,,,,,,,,,,,,,,
1975,S,,,,,,,,,,,,,,,
1976,P,,,,,,,,,,,,,,,
1977,L,,,,,,,,,,,,,,,
1978,J,,,,,,,,,,,,,,,
1979,G,,,,,,,,,,,,,,,
1980,B,,,,,,,,,,,,,,,
1981,Z,,,,,,,,,,,,,,,
1982,X,,,,,,,,,,,,,,,
1983,T,,,,,,,,,,,,,,,
1984,R,,,,,,,,,,,,,,,
1985,M,,,,,,,,,,,,,,,
1986,K,,,,,,,,,,,,,,,
1987,H,,,,,,,,,,,,,,,
1988,E,,,,,,,,,,,,,,,
1989,C,,,,,,,,,,,,,,,
1990,Y,,,,,,,,,,,,,,,
1991,U,,,,,,,,,,,,,,,
1992,S,,,,,,,,,,,,,,,
1993,P,,,,,,,,,,,,,,,
1994,L,,,,,,,,,,,,,,,
1995,J,,,,,,,,,,,,,,,
1996,G,,,,,,,,,,,,,,,
1997,D,,,,,,,,,,,,,,,
1998,B,,,,,,,,,,,,,,,
1999,Z,,,,,,,,,,,,,,,
2000,Z,,,,,,,,,,,,,,,
2001,X,,,,,,,,,,,,,,,
2002,T,,,,,,,,,,,,,,,
2003,R,,,,,,,,,,,,,,,
2004,M,,,,,,,,,,,,,,,
2005,K,,,,,,,,,,,,,,,
2006,H,,,,,,,,,,,,,,,
2007,E,,,,,,,,,,,,,,,
2008,C,,,,,,,,,,,,,,,
2009,A,,,,,,,,,,,,,,,
2010,U,,,,,,,,,,,,,,,
2011,S,,,,,,,,,,,,,,,
2012,P,,,,,,,,,,,,,,,
2013,L,,,,,,,,,,,,,,,
2014,J,,,,,,,,,,,,,,,
2015,G,,,,,,,,,,,,,,,
2016,D,,,,,,,,,,,,,,,
2017,B,,,,,,,,,,,,,,,
2018,Z,,,,,,,,,,,,,,,
2019,X,,,,,,,,,,,,,,,
2020,R,,,,,,,,,,,,,,,
2021,M,,,,,,,,,,,,,,,
2022,K,,,,,,,,,,,,,,,
2023,H,,,,,,,,,,,,,,,
2024,E,,,,,,,,,,,,,,,
2025,C,,,,,,,,,,,,,,,
2026,A,,,,,,,,,,,,,,,
2027,Y,,,,,,,,,,,,,,,
2028,U,,,,,,,,,,,,,,,
2029,S,,,,,,,,,,,,,,,
2030,L,,,,,,,,,,,,,,,
2031,J,,,,,,,,,,,,,,,
2032,G,,,,,,,,,,,,,,,
2033,D,,,,,,,,,,,,,,,
2034,B,,,,,,,,,,,,,,,
2035,Z,,,,,,,,,,,,,,,
2036,X,,,,,,,,,,,,,,,
2037,T,,,,,,,,,,,,,,,
2038,R,,,,,,,,,,,,,,,
2039,M,,,,,,,,,,,,,,,
2040,H,,,,,,,,,,,,,,,
2041,E,,,,,,,,,,,,,,,
2042,C,,,,,,,,,,,,,,,
2043,A,,,,,,,,,,,,,,,
2044,Y,,,,,,,,,,,,,,,
2045,U,,,,,,,,,,,,,,,
2046,S,,,,,,,,,,,,,,,
2047,P,,,,,,,,,,,,,,,
2048,L,,,,,,,,,,,,,,,
2049,J,,,,,,,,,,,,,,,
2050,D,,,,,,,,,,,,,,,
2051,B,,,,,,,,,,,,,,,
2052,Z,,,,,,,,,,,,,,,
2053,X,,,,,,,,,,,,,,,
2054,T,,,,,,,,,,,,,,,
2055,R,,,,,,,,,,,,,,,
2056,M,,,,,,,,,,,,,,,
2057,K,,,,,,,,,,,,,,,
2058,H,,,,,,,,,,,,,,,
2059,E,,,,,,,,,,,,,,,
2060,A,,,,,,,,,,,,,,,
2061,Y,,,,,,,,,,,,,,,
2062,U,,,,,,,,,,,,,,,
2063,S,,,,,,,,,,,,,,,
2064,P,,,,,,,,,,,,,,,
2065,L,,,,,,,,,,,,,,,
2066,J,,,,,,,,,,,,,,,
2067,G,,,,,,,,,,,,,,,
2068,D,,,,,,,,,,,,,,,
2069,B,,,,,,,,,,,,,,,
2070,X,,,,,,,,,,,,,,,
2071,T,,,,,,,,,,,,,,,
2072,R,,,,,,,,,,,,,,,
2073,M,,,,,,,,,,,,,,,
2074,K,,,,,,,,,,,,,,,
2075,H,,,,,,,,,,,,,,,
2076,E,,,,,,,,,,,,,,,
2077,C,,,,,,,,,,,,,,,
2078,A,,,,,,,,,,,,,,,
2079,Y,,,,,,,,,,,,,,,
2080,S,,,,,,,,,,,,,,,
2081,P,,,,,,,,,,,,,,,
2082,L,,,,,,,,,,,,,,,
2083,J,,,,,,,,,,,,,,,
2084,G,,,,,,,,,,,,,,,
2085,D,,,,,,,,,,,,,,,
2086,B,,,,,,,,,,,,,,,
2087,Z,,,,,,,,,,,,,,,
2088,X,,,,,,,,,,,,,,,
2089,T,,,,,,,,,,,,,,,
2090,M,,,,,,,,,,,,,,,
2091,K,,,,,,,,,,,,,,,
2092,H,,,,,,,,,,,,,,,
2093,E,,,,,,,,,,,,,,,
2094,C,,,,,,,,,,,,,,,
2095,A,,,,,,,,,,,,,,,
2096,Y,,,,,,,,,,,,,,,
2097,U,,,,,,,,,,,,,,,
2098,S,,,,,,,,,,,,,,,
2099,P,,,,,,,,,,,,,,,
2100,T,,,,,,,,,,,,,,,
2101,R,,,,,,,,,,,,,,,
2102,M,,,,,,,,,,,,,,,
2103,K,,,,,,,,,,,,,,,
2104,H,,,,,,,,,,,,,,,
2105,E,,,,,,,,,,,,,,,
2106,C,,,,,,,,,,,,,,,
2107,A,,,,,,,,,,,,,,,
2108,Y,,,,,,,,,,,,,,,
2109,U,,,,,,,,,,,,,,,
2110,P,,,,,,,,,,,,,,,
2111,L,,,,,,,,,,,,,,,
2112,J,,,,,,,,,,,,,,,
2113,G,,,,,,,,,,,,,,,
2114,D,,,,,,,,,,,,,,,
2115,B,,,,,,,,,,,,,,,
2116,Z,,,,,,,,,,,,,,,
2117,X,,,,,,,,,,,,,,,
2118,T,,,,,,,,,,,,,,,
2119,R,,,,,,,,,,,,,,,
2120,K,,,,,,,,,,,,,,,
2121,H,,,,,,,,,,,,,,,
2122,E,,,,,,,,,,,,,,,
2123,C,,,,,,,,,,,,,,,
2124,A,,,,,,,,,,,,,,,
2125,Y,,,,,,,,,,,,,,,
2126,U,,,,,,,,,,,,,,,
2127,S,,,,,,,,,,,,,,,
2128,P,,,,,,,,,,,,,,,
2129,L,,,,,,,,,,,,,,,
2130,G,,,,,,,,,,,,,,,
2131,D,,,,,,,,,,,,,,,
2132,B,,,,,,,,,,,,,,,
2133,Z,,,,,,,,,,,,,,,
2134,X,,,,,,,,,,,,,,,
2135,T,,,,,,,,,,,,,,,
2136,R,,,,,,,,,,,,,,,
2137,M,,,,,,,,,,,,,,,
2138,K,,,,,,,,,,,,,,,
2139,H,,,,,,,,,,,,,,,
2140,C,,,,,,,,,,,,,,,
2141,A,,,,,,,,,,,,,,,
2142,Y,,,,,,,,,,,,,,,
2143,U,,,,,,,,,,,,,,,
2144,S,,,,,,,,,,,,,,,
2145,P,,,,,,,,,,,,,,,
2146,L,,,,,,,,,,,,,,,
2147,J,,,,,,,,,,,,,,,
2148,G,,,,,,,,,,,,,,,
2149,D,,,,,,,,,,,,,,,
2150,Z,,,,,,,,,,,,,,,
2151,X,,,,,,,,,,,,,,,
2152,T,,,,,,,,,,,,,,,
2153,R,,,,,,,,,,,,,,,
2154,M,,,,,,,,,,,,,,,
2155,K,,,,,,,,,,,,,,,
2156,H,,,,,,,,,,,,,,,
2157,E,,,,,,,,,,,,,,,
2158,C,,,,,,,,,,,,,,,
2159,A,,,,,,,,,,,,,,,
2160,U,,,,,,,,,,,,,,,
2161,S,,,,,,,,,,,,,,,
2162,P,,,,,,,,,,,,,,,
2163,L,,,,,,,,,,,,,,,
2164,J,,,,,,,,,,,,,,,
2165,G,,,,,,,,,,,,,,,
2166,D,,,,,,,,,,,,,,,
2167,B,,,,,,,,,,,,,,,
2168,Z,,,,,,,,,,,,,,,
2169,X,,,,,,,,,,,,,,,
2170,R,,,,,,,,,,,,,,,
2171,M,,,,,,,,,,,,,,,
2172,K,,,,,,,,,,,,,,,
2173,H,,,,,,,,,,,,,,,
2174,E,,,,,,,,,,,,,,,
2175,C,,,,,,,,,,,,,,,
2176,A,,,,,,,,,,,,,,,
2177,Y,,,,,,,,,,,,,,,
2178,U,,,,,,,,,,,,,,,
2179,S,,,,,,,,,,,,,,,
2180,L,,,,,,,,,,,,,,,
2181,J,,,,,,,,,,,,,,,
2182,G,,,,,,,,,,,,,,,
2183,D,,,,,,,,,,,,,,,
2184,B,,,,,,,,,,,,,,,
2185,Z,,,,,,,,,,,,,,,
2186,X,,,,,,,,,,,,,,,
2187,T,,,,,,,,,,,,,,,
2188,R,,,,,,,,,,,,,,,
2189,M,,,,,,,,,,,,,,,
2190,H,,,,,,,,,,,,,,,
2191,E,,,,,,,,,,,,,,,
2192,C,,,,,,,,,,,,,,,
2193,A,,,,,,,,,,,,,,,
2194,Y,,,,,,,,,,,,,,,
2195,U,,,,,,,,,,,,,,,
2196,S,,,,,,,,,,,,,,,
2197,P,,,,,,,,,,,,,,,
2198,L,,,,,,,,,,,,,,,
2199,J,,,,,,,,,,,,,,,
2200,M,,,,,,,,,,,,,,,
2201,K,,,,,,,,,,,,,,,
2202,H,,,,,,,,,,,,,,,
2203,E,,,,,,,,,,,,,,,
2204,C,,,,,,,,,,,,,,,
2205,A,,,,,,,,,,,,,,,
2206,Y,,,,,,,,,,,,,,,
2207,U,,,,,,,,,,,,,,,
2208,S,,,,,,,,,,,,,,,
2209,P,,,,,,,,,,,,,,,
2210,J,,,,,,,,,,,,,,,
2211,G,,,,,,,,,,,,,,,
2212,D,,,,,,,,,,,,,,,
2213,B,,,,,,,,,,,,,,,
2214,Z,,,,,,,,,,,,,,,
2215,X,,,,,,,,,,,,,,,
2216,T,,,,,,,,,,,,,,,
2217,R,,,,,,,,,,,,,,,
2218,M,,,,,,,,,,,,,,,
2219,K,,,,,,,,,,,,,,,
2220,E,,,,,,,,,,,,,,,
2221,C,,,,,,,,,,,,,,,
2222,A,,,,,,,,,,,,,,,
2223,Y,,,,,,,,,,,,,,,
2224,U,,,,,,,,,,,,,,,
2225,S,,,,,,,,,,,,,,,
2226,P,,,,,,,,,,,,,,,
2227,L,,,,,,,,,,,,,,,
2228,J,,,,,,,,,,,,,,,
2229,G,,,,,,,,,,,,,,,
2230,B,,,,,,,,,,,,,,,
2231,Z,,,,,,,,,,,,,,,
2232,X,,,,,,,,,,,,,,,
2233,T,,,,,,,,,,,,,,,
2234,R,,,,,,,,,,,,,,,
2235,M,,,,,,,,,,,,,,,
2236,K,,,,,,,,,,,,,,,
2237,H,,,,,,,,,,,,,,,
2238,E,,,,,,,,,,,,,,,
2239,C,,,,,,,,,,,,,,,
2240,Y,,,,,,,,,,,,,,,
2241,U,,,,,,,,,,,,,,,
2242,S,,,,,,,,,,,,,,,
2243,P,,,,,,,,,,,,,,,
2244,L,,,,,,,,,,,,,,,
2245,J,,,,,,,,,,,,,,,
2246,G,,,,,,,,,,,,,,,
2247,D,,,,,,,,,,,,,,,
2248,B,,,,,,,,,,,,,,,
2249,Z,,,,,,,,,,,,,,,
2250,T,,,,,,,,,,,,,,,
2251,R,,,,,,,,,,,,,,,
2252,M,,,,,,,,,,,,,,,
2253,K,,,,,,,,,,,,,,,
2254,H,,,,,,,,,,,,,,,
2255,E,,,,,,,,,,,,,,,
2256,C,,,,,,,,,,,,,,,
2257,A,,,,,,,,,,,,,,,
2258,Y,,,,,,,,,,,,,,,
2259,U,,,,,,,,,,,,,,,
2260,P,,,,,,,,,,,,,,,
2261,L,,,,,,,,,,,,,,,
2262,J,,,,,,,,,,,,,,,
2263,G,,,,,,,,,,,,,,,
2264,D,,,,,,,,,,,,,,,
2265,B,,,,,,,,,,,,,,,
2266,Z,,,,,,,,,,,,,,,
2267,X,,,,,,,,,,,,,,,
2268,T,,,,,,,,,,,,,,,
2269,R,,,,,,,,,,,,,,,
2270,K,,,,,,,,,,,,,,,
2271,H,,,,,,,,,,,,,,,
2272,E,,,,,,,,,,,,,,,
2273,C,,,,,,,,,,,,,,,
2274,A,,,,,,,,,,,,,,,
2275,Y,,,,,,,,,,,,,,,
2276,U,,,,,,,,,,,,,,,
2277,S,,,,,,,,,,,,,,,
2278,P,,,,,,,,,,,,,,,
2279,L,,,,,,,,,,,,,,,
2280,G,,,,,,,,,,,,,,,
2281,D,,,,,,,,,,,,,,,
2282,B,,,,,,,,,,,,,,,
2283,Z,,,,,,,,,,,,,,,
2284,X,,,,,,,,,,,,,,,
2285,T,,,,,,,,,,,,,,,
2286,R,,,,,,,,,,,,,,,
2287,M,,,,,,,,,,,,,,,
2288,K,,,,,,,,,,,,,,,
2289,H,,,,,,,,,,,,,,,
2290,C,,,,,,,,,,,,,,,
2291,A,,,,,,,,,,,,,,,
2292,Y,,,,,,,,,,,,,,,
2293,U,,,,,,,,,,,,,,,
2294,S,,,,,,,,,,,,,,,
2295,P,,,,,,,,,,,,,,,
2296,L,,,,,,,,,,,,,,,
2297,J,,,,,,,,,,,,,,,
2298,G,,,,,,,,,,,,,,,
2299,D,,,,,,,,,,,,,,,
2300,H,,,,,,,,,,,,,,,
2301,E,,,,,,,,,,,,,,,
2302,C,,,,,,,,,,,,,,,
2303,A,,,,,,,,,,,,,,,
2304,Y,,,,,,,,,,,,,,,
2305,U,,,,,,,,,,,,,,,
2306,S,,,,,,,,,,,,,,,
2307,P,,,,,,,,,,,,,,,
2308,L,,,,,,,,,,,,,,,
2309,J,,,,,,,,,,,,,,,
2310,D,,,,,,,,,,,,,,,
2311,B,,,,,,,,,,,,,,,
2312,Z,,,,,,,,,,,,,,,
2313,X,,,,,,,,,,,,,,,
2314,T,,,,,,,,,,,,,,,
2315,R,,,,,,,,,,,,,,,
2316,M,,,,,,,,,,,,,,,
2317,K,,,,,,,,,,,,,,,
2318,H,,,,,,,,,,,,,,,
2319,E,,,,,,,,,,,,,,,
2320,A,,,,,,,,,,,,,,,
2321,Y,,,,,,,,,,,,,,,
2322,U,,,,,,,,,,,,,,,
2323,S,,,,,,,,,,,,,,,
2324,P,,,,,,,,,,,,,,,
2325,L,,,,,,,,,,,,,,,
2326,J,,,,,,,,,,,,,,,
2327,G,,,,,,,,,,,,,,,
2328,D,,,,,,,,,,,,,,,
2329,B,,,,,,,,,,,,,,,
2330,X,,,,,,,,,,,,,,,
2331,T,,,,,,,,,,,,,,,
2332,R,,,,,,,,,,,,,,,
2333,M,,,,,,,,,,,,,,,
2334,K,,,,,,,,,,,,,,,
2335,H,,,,,,,,,,,,,,,
2336,E,,,,,,,,,,,,,,,
2337,C,,,,,,,,,,,,,,,
2338,A,,,,,,,,,,,,,,,
2339,Y,,,,,,,,,,,,,,,
2340,S,,,,,,,,,,,,,,,
2341,P,,,,,,,,,,,,,,,
2342,L,,,,,,,,,,,,,,,
2343,J,,,,,,,,,,,,,,,
2344,G,,,,,,,,,,,,,,,
2345,D,,,,,,,,,,,,,,,
2346,B,,,,,,,,,,,,,,,
2347,Z,,,,,,,,,,,,,,,
2348,X,,,,,,,,,,,,,,,
2349,T,,,,,,,,,,,,,,,
2350,M,,,,,,,,,,,,,,,
2351,K,,,,,,,,,,,,,,,
2352,H,,,,,,,,,,,,,,,
2353,E,,,,,,,,,,,,,,,
2354,C,,,,,,,,,,,,,,,
2355,A,,,,,,,,,,,,,,,
2356,Y,,,,,,,,,,,,,,,
2357,U,,,,,,,,,,,,,,,
2358,S,,,,,,,,,,,,,,,
2359,P,,,,,,,,,,,,,,,
2360,J,,,,,,,,,,,,,,,
2361,G,,,,,,,,,,,,,,,
2362,D,,,,,,,,,,,,,,,
2363,B,,,,,,,,,,,,,,,
2364,Z,,,,,,,,,,,,,,,
2365,X,,,,,,,,,,,,,,,
2366,T,,,,,,,,,,,,,,,
2367,R,,,,,,,,,,,,,,,
2368,M,,,,,,,,,,,,,,,
2369,K,,,,,,,,,,,,,,,
2370,E,,,,,,,,,,,,,,,
2371,C,,,,,,,,,,,,,,,
2372,A,,,,,,,,,,,,,,,
2373,Y,,,,,,,,,,,,,,,
2374,U,,,,,,,,,,,,,,,
2375,S,,,,,,,,,,,,,,,
2376,P,,,,,,,,,,,,,,,
2377,L,,,,,,,,,,,,,,,
2378,J,,,,,,,,,,,,,,,
2379,G,,,,,,,,,,,,,,,
2380,B,,,,,,,,,,,,,,,
2381,Z,,,,,,,,,,,,,,,
2382,X,,,,,,,,,,,,,,,
2383,T,,,,,,,,,,,,,,,
2384,R,,,,,,,,,,,,,,,
2385,M,,,,,,,,,,,,,,,
2386,K,,,,,,,,,,,,,,,
2387,H,,,,,,,,,,,,,,,
2388,E,,,,,,,,,,,,,,,
2389,C,,,,,,,,,,,,,,,
2390,Y,,,,,,,,,,,,,,,
2391,U,,,,,,,,,,,,,,,
2392,S,,,,,,,,,,,,,,,
2393,P,,,,,,,,,,,,,,,
2394,L,,,,,,,,,,,,,,,
2395,J,,,,,,,,,,,,,,,
2396,G,,,,,,,,,,,,,,,
2397,D,,,,,,,,,,,,,,,
2398,B,,,,,,,,,,,,,,,
2399,Z,,,,,,,,,,,,,,,
2400,C,,,,,,,,,,,,,,,
2401,A,,,,,,,,,,,,,,,
2402,Y,,,,,,,,,,,,,,,
2403,U,,,,,,,,,,,,,,,
2404,S,,,,,,,,,,,,,,,
2405,P,,,,,,,,,,,,,,,
2406,L,,,,,,,,,,,,,,,
2407,J,,,,,,,,,,,,,,,
2408,G,,,,,,,,,,,,,,,
2409,D,,,,,,,,,,,,,,,
2410,Z,,,,,,,,,,,,,,,
2411,X,,,,,,,,,,,,,,,
2412,T,,,,,,,,,,,,,,,
2413,R,,,,,,,,,,,,,,,
2414,M,,,,,,,,,,,,,,,
2415,K,,,,,,,,,,,,,,,
2416,H,,,,,,,,,,,,,,,
2417,E,,,,,,,,,,,,,,,
2418,C,,,,,,,,,,,,,,,
2419,A,,,,,,,,,,,,,,,
2420,U,,,,,,,,,,,,,,,
2421,S,,,,,,,,,,,,,,,
2422,P,,,,,,,,,,,,,,,
2423,L,,,,,,,,,,,,,,,
2424,J,,,,,,,,,,,,,,,
2425,G,,,,,,,,,,,,,,,
2426,D,,,,,,,,,,,,,,,
2427,B,,,,,,,,,,,,,,,
2428,Z,,,,,,,,,,,,,,,
2429,X,,,,,,,,,,,,,,,
2430,R,,,,,,,,,,,,,,,
2431,M,,,,,,,,,,,,,,,
2432,K,,,,,,,,,,,,,,,
2433,H,,,,,,,,,,,,,,,
2434,E,,,,,,,,,,,,,,,
2435,C,,,,,,,,,,,,,,,
2436,A,,,,,,,,,,,,,,,
2437,Y,,,,,,,,,,,,,,,
2438,U,,,,,,,,,,,,,,,
2439,S,,,,,,,,,,,,,,,
2440,L,,,,,,,,,,,,,,,
2441,J,,,,,,,,,,,,,,,
2442,G,,,,,,,,,,,,,,,
2443,D,,,,,,,,,,,,,,,
2444,B,,,,,,,,,,,,,,,
2445,Z,,,,,,,,,,,,,,,
2446,X,,,,,,,,,,,,,,,
2447,T,,,,,,,,,,,,,,,
2448,R,,,,,,,,,,,,,,,
2449,M,,,,,,,,,,,,,,,
2450,H,,,,,,,,,,,,,,,
2451,E,,,,,,,,,,,,,,,
2452,C,,,,,,,,,,,,,,,
2453,A,,,,,,,,,,,,,,,
2454,Y,,,,,,,,,,,,,,,
2455,U,,,,,,,,,,,,,,,
2456,S,,,,,,,,,,,,,,,
2457,P,,,,,,,,,,,,,,,
2458,L,,,,,,,,,,,,,,,
2459,J,,,,,,,,,,,,,,,
2460,D,,,,,,,,,,,,,,,
2461,B,,,,,,,,,,,,,,,
2462,Z,,,,,,,,,,,,,,,
2463,X,,,,,,,,,,,,,,,
2464,T,,,,,,,,,,,,,,,
2465,R,,,,,,,,,,,,,,,
2466,M,,,,,,,,,,,,,,,
2467,K,,,,,,,,,,,,,,,
2468,H,,,,,,,,,,,,,,,
2469,E,,,,,,,,,,,,,,,
2470,A,,,,,,,,,,,,,,,
2471,Y,,,,,,,,,,,,,,,
2472,U,,,,,,,,,,,,,,,
2473,S,,,,,,,,,,,,,,,
2474,P,,,,,,,,,,,,,,,
2475,L,,,,,,,,,,,,,,,
2476,J,,,,,,,,,,,,,,,
2477,G,,,,,,,,,,,,,,,
2478,D,,,,,,,,,,,,,,,
2479,B,,,,,,,,,,,,,,,
2480,X,,,,,,,,,,,,,,,
2481,T,,,,,,,,,,,,,,,
2482,R,,,,,,,,,,,,,,,
2483,M,,,,,,,,,,,,,,,
2484,K,,,,,,,,,,,,,,,
2485,H,,,,,,,,,,,,,,,
2486,E,,,,,,,,,,,,,,,
2487,C,,,,,,,,,,,,,,,
2488,A,,,,,,,,,,,,,,,
2489,Y,,,,,,,,,,,,,,,
2490,S,,,,,,,,,,,,,,,
2491,P,,,,,,,,,,,,,,,
2492,L,,,,,,,,,,,,,,,
2493,J,,,,,,,,,,,,,,,
2494,G,,,,,,,,,,,,,,,
2495,D,,,,,,,,,,,,,,,
2496,B,,,,,,,,,,,,,,,
2497,Z,,,,,,,,,,,,,,,
2498,X,,,,,,,,,,,,,,,
2499,T,,,,,,,,,,,,,,,
2500,Y,,,,,,,,,,,,,,,
2501,U,,,,,,,,,,,,,,,
2502,S,,,,,,,,,,,,,,,
2503,P,,,,,,,,,,,,,,,
2504,L,,,,,,,,,,,,,,,
2505,J,,,,,,,,,,,,,,,
2506,G,,,,,,,,,,,,,,,
2507,D,,,,,,,,,,,,,,,
2508,B,,,,,,,,,,,,,,,
2509,Z,,,,,,,,,,,,,,,
2510,T,,,,,,,,,,,,,,,
2511,R,,,,,,,,,,,,,,,
2512,M,,,,,,,,,,,,,,,
2513,K,,,,,,,,,,,,,,,
2514,H,,,,,,,,,,,,,,,
2515,E,,,,,,,,,,,,,,,
2516,C,,,,,,,,,,,,,,,
2517,A,,,,,,,,,,,,,,,
2518,Y,,,,,,,,,,,,,,,
2519,U,,,,,,,,,,,,,,,
2520,P,,,,,,,,,,,,,,,
2521,L,,,,,,,,,,,,,,,
2522,J,,,,,,,,,,,,,,,
2523,G,,,,,,,,,,,,,,,
2524,D,,,,,,,,,,,,,,,
2525,B,,,,,,,,,,,,,,,
2526,Z,,,,,,,,,,,,,,,
2527,X,,,,,,,,,,,,,,,
2528,T,,,,,,,,,,,,,,,
2529,R,,,,,,,,,,,,,,,
2530,K,,,,,,,,,,,,,,,
2531,H,,,,,,,,,,,,,,,
2532,E,,,,,,,,,,,,,,,
2533,C,,,,,,,,,,,,,,,
2534,A,,,,,,,,,,,,,,,
2535,Y,,,,,,,,,,,,,,,
2536,U,,,,,,,,,,,,,,,
2537,S,,,,,,,,,,,,,,,
2538,P,,,,,,,,,,,,,,,
2539,L,,,,,,,,,,,,,,,
2540,G,,,,,,,,,,,,,,,
2541,D,,,,,,,,,,,,,,,
2542,B,,,,,,,,,,,,,,,
2543,Z,,,,,,,,,,,,,,,
2544,X,,,,,,,,,,,,,,,
2545,T,,,,,,,,,,,,,,,
2546,R,,,,,,,,,,,,,,,
2547,M,,,,,,,,,,,,,,,
2548,K,,,,,,,,,,,,,,,
2549,H,,,,,,,,,,,,,,,
2550,C,,,,,,,,,,,,,,,
2551,A,,,,,,,,,,,,,,,
2552,Y,,,,,,,,,,,,,,,
2553,U,,,,,,,,,,,,,,,
2554,S,,,,,,,,,,,,,,,
2555,P,,,,,,,,,,,,,,,
2556,L,,,,,,,,,,,,,,,
2557,J,,,,,,,,,,,,,,,
2558,G,,,,,,,,,,,,,,,
2559,D,,,,,,,,,,,,,,,
2560,Z,,,,,,,,,,,,,,,
2561,X,,,,,,,,,,,,,,,
2562,T,,,,,,,,,,,,,,,
2563,R,,,,,,,,,,,,,,,
2564,M,,,,,,,,,,,,,,,
2565,K,,,,,,,,,,,,,,,
2566,H,,,,,,,,,,,,,,,
2567,E,,,,,,,,,,,,,,,
2568,C,,,,,,,,,,,,,,,
2569,A,,,,,,,,,,,,,,,
2570,U,,,,,,,,,,,,,,,
2571,S,,,,,,,,,,,,,,,
2572,P,,,,,,,,,,,,,,,
2573,L,,,,,,,,,,,,,,,
2574,J,,,,,,,,,,,,,,,
2575,G,,,,,,,,,,,,,,,
2576,D,,,,,,,,,,,,,,,
2577,B,,,,,,,,,,,,,,,
2578,Z,,,,,,,,,,,,,,,
2579,X,,,,,,,,,,,,,,,
2580,R,,,,,,,,,,,,,,,
2581,M,,,,,,,,,,,,,,,
2582,K,,,,,,,,,,,,,,,
2583,H,,,,,,,,,,,,,,,
2584,E,,,,,,,,,,,,,,,
2585,C,,,,,,,,,,,,,,,
2586,A,,,,,,,,,,,,,,,
2587,Y,,,,,,,,,,,,,,,
2588,U,,,,,,,,,,,,,,,
2589,S,,,,,,,,,,,,,,,
2590,L,,,,,,,,,,,,,,,
2591,J,,,,,,,,,,,,,,,
2592,G,,,,,,,,,,,,,,,
2593,D,,,,,,,,,,,,,,,
2594,B,,,,,,,,,,,,,,,
2595,Z,,,,,,,,,,,,,,,
2596,X,,,,,,,,,,,,,,,
2597,T,,,,,,,,,,,,,,,
2598,R,,,,,,,,,,,,,,,
2599,M,,,,,,,,,,,,,,,
2600,S,,,,,,,,,,,,,,,
2601,P,,,,,,,,,,,,,,,
2602,L,,,,,,,,,,,,,,,
2603,J,,,,,,,,,,,,,,,
2604,G,,,,,,,,,,,,,,,
2605,D,,,,,,,,,,,,,,,
2606,B,,,,,,,,,,,,,,,
2607,Z,,,,,,,,,,,,,,,
2608,X,,,,,,,,,,,,,,,
2609,T,,,,,,,,,,,,,,,
2610,M,,,,,,,,,,,,,,,
2611,K,,,,,,,,,,,,,,,
2612,H,,,,,,,,,,,,,,,
2613,E,,,,,,,,,,,,,,,
2614,C,,,,,,,,,,,,,,,
2615,A,,,,,,,,,,,,,,,
2616,Y,,,,,,,,,,,,,,,
2617,U,,,,,,,,,,,,,,,
2618,S,,,,,,,,,,,,,,,
2619,P,,,,,,,,,,,,,,,
2620,J,,,,,,,,,,,,,,,
2621,G,,,,,,,,,,,,,,,
2622,D,,,,,,,,,,,,,,,
2623,B,,,,,,,,,,,,,,,
2624,Z,,,,,,,,,,,,,,,
2625,X,,,,,,,,,,,,,,,
2626,T,,,,,,,,,,,,,,,
2627,R,,,,,,,,,,,,,,,
2628,M,,,,,,,,,,,,,,,
2629,K,,,,,,,,,,,,,,,
2630,E,,,,,,,,,,,,,,,
2631,C,,,,,,,,,,,,,,,
2632,A,,,,,,,,,,,,,,,
2633,Y,,,,,,,,,,,,,,,
2634,U,,,,,,,,,,,,,,,
2635,S,,,,,,,,,,,,,,,
2636,P,,,,,,,,,,,,,,,
2637,L,,,,,,,,,,,,,,,
2638,J,,,,,,,,,,,,,,,
2639,G,,,,,,,,,,,,,,,
2640,B,,,,,,,,,,,,,,,
2641,Z,,,,,,,,,,,,,,,
2642,X,,,,,,,,,,,,,,,
2643,T,,,,,,,,,,,,,,,
2644,R,,,,,,,,,,,,,,,
2645,M,,,,,,,,,,,,,,,
2646,K,,,,,,,,,,,,,,,
2647,H,,,,,,,,,,,,,,,
2648,E,,,,,,,,,,,,,,,
2649,C,Volvo,B12BLEA,CDGE,Sentosa,,,,,Beach Tram,,,,,,
2650,Y,,,,,,,,,,,,,,,
2651,U,,,,,,,,,,,,,,,
2652,S,,,,,,,,,,,,,,,
2653,P,,,,,,,,,,,,,,,
2654,L,,,,,,,,,,,,,,,
2655,J,,,,,,,,,,,,,,,
2656,G,,,,,,,,,,,,,,,
2657,D,,,,,,,,,,,,,,,
2658,B,,,,,,,,,,,,,,,
2659,Z,,,,,,,,,,,,,,,
2660,T,,,,,,,,,,,,,,,
2661,R,,,,,,,,,,,,,,,
2662,M,,,,,,,,,,,,,,,
2663,K,,,,,,,,,,,,,,,
2664,H,,,,,,,,,,,,,,,
2665,E,,,,,,,,,,,,,,,
2666,C,,,,,,,,,,,,,,,
2667,A,,,,,,,,,,,,,,,
2668,Y,,,,,,,,,,,,,,,
2669,U,,,,,,,,,,,,,,,
2670,P,,,,,,,,,,,,,,,
2671,L,,,,,,,,,,,,,,,
2672,J,,,,,,,,,,,,,,,
2673,G,,,,,,,,,,,,,,,
2674,D,,,,,,,,,,,,,,,
2675,B,,,,,,,,,,,,,,,
2676,Z,,,,,,,,,,,,,,,
2677,X,,,,,,,,,,,,,,,
2678,T,,,,,,,,,,,,,,,
2679,R,,,,,,,,,,,,,,,
2680,K,,,,,,,,,,,,,,,
2681,H,,,,,,,,,,,,,,,
2682,E,,,,,,,,,,,,,,,
2683,C,,,,,,,,,,,,,,,
2684,A,,,,,,,,,,,,,,,
2685,Y,,,,,,,,,,,,,,,
2686,U,,,,,,,,,,,,,,,
2687,S,,,,,,,,,,,,,,,
2688,P,,,,,,,,,,,,,,,
2689,L,,,,,,,,,,,,,,,
2690,G,,,,,,,,,,,,,,,
2691,D,,,,,,,,,,,,,,,
2692,B,,,,,,,,,,,,,,,
2693,Z,,,,,,,,,,,,,,,
2694,X,,,,,,,,,,,,,,,
2695,T,,,,,,,,,,,,,,,
2696,R,,,,,,,,,,,,,,,
2697,M,,,,,,,,,,,,,,,
2698,K,,,,,,,,,,,,,,,
2699,H,,,,,,,,,,,,,,,
2700,L,,,,,,,,,,,,,,,
2701,J,,,,,,,,,,,,,,,
2702,G,,,,,,,,,,,,,,,
2703,D,,,,,,,,,,,,,,,
2704,B,,,,,,,,,,,,,,,
2705,Z,,,,,,,,,,,,,,,
2706,X,,,,,,,,,,,,,,,
2707,T,,,,,,,,,,,,,,,
2708,R,,,,,,,,,,,,,,,
2709,M,,,,,,,,,,,,,,,
2710,H,,,,,,,,,,,,,,,
2711,E,,,,,,,,,,,,,,,
2712,C,,,,,,,,,,,,,,,
2713,A,,,,,,,,,,,,,,,
2714,Y,,,,,,,,,,,,,,,
2715,U,,,,,,,,,,,,,,,
2716,S,,,,,,,,,,,,,,,
2717,P,,,,,,,,,,,,,,,
2718,L,,,,,,,,,,,,,,,
2719,J,,,,,,,,,,,,,,,
2720,D,,,,,,,,,,,,,,,
2721,B,,,,,,,,,,,,,,,
2722,Z,,,,,,,,,,,,,,,
2723,X,,,,,,,,,,,,,,,
2724,T,,,,,,,,,,,,,,,
2725,R,,,,,,,,,,,,,,,
2726,M,,,,,,,,,,,,,,,
2727,K,,,,,,,,,,,,,,,
2728,H,,,,,,,,,,,,,,,
2729,E,,,,,,,,,,,,,,,
2730,A,,,,,,,,,,,,,,,
2731,Y,,,,,,,,,,,,,,,
2732,U,,,,,,,,,,,,,,,
2733,S,,,,,,,,,,,,,,,
2734,P,,,,,,,,,,,,,,,
2735,L,,,,,,,,,,,,,,,
2736,J,,,,,,,,,,,,,,,
2737,G,,,,,,,,,,,,,,,
2738,D,,,,,,,,,,,,,,,
2739,B,,,,,,,,,,,,,,,
2740,X,,,,,,,,,,,,,,,
2741,T,,,,,,,,,,,,,,,
2742,R,,,,,,,,,,,,,,,
2743,M,,,,,,,,,,,,,,,
2744,K,,,,,,,,,,,,,,,
2745,H,,,,,,,,,,,,,,,
2746,E,,,,,,,,,,,,,,,
2747,C,,,,,,,,,,,,,,,
2748,A,,,,,,,,,,,,,,,
2749,Y,,,,,,,,,,,,,,,
2750,S,,,,,,,,,,,,,,,
2751,P,,,,,,,,,,,,,,,
2752,L,,,,,,,,,,,,,,,
2753,J,,,,,,,,,,,,,,,
2754,G,,,,,,,,,,,,,,,
2755,D,,,,,,,,,,,,,,,
2756,B,,,,,,,,,,,,,,,
2757,Z,,,,,,,,,,,,,,,
2758,X,,,,,,,,,,,,,,,
2759,T,,,,,,,,,,,,,,,
2760,M,,,,,,,,,,,,,,,
2761,K,,,,,,,,,,,,,,,
2762,H,,,,,,,,,,,,,,,
2763,E,,,,,,,,,,,,,,,
2764,C,,,,,,,,,,,,,,,
2765,A,,,,,,,,,,,,,,,
2766,Y,,,,,,,,,,,,,,,
2767,U,,,,,,,,,,,,,,,
2768,S,,,,,,,,,,,,,,,
2769,P,,,,,,,,,,,,,,,
2770,J,,,,,,,,,,,,,,,
2771,G,,,,,,,,,,,,,,,
2772,D,,,,,,,,,,,,,,,
2773,B,,,,,,,,,,,,,,,
2774,Z,,,,,,,,,,,,,,,
2775,X,,,,,,,,,,,,,,,
2776,T,,,,,,,,,,,,,,,
2777,R,,,,,,,,,,,,,,,
2778,M,,,,,,,,,,,,,,,
2779,K,,,,,,,,,,,,,,,
2780,E,,,,,,,,,,,,,,,
2781,C,,,,,,,,,,,,,,,
2782,A,,,,,,,,,,,,,,,
2783,Y,,,,,,,,,,,,,,,
2784,U,,,,,,,,,,,,,,,
2785,S,,,,,,,,,,,,,,,
2786,P,,,,,,,,,,,,,,,
2787,L,,,,,,,,,,,,,,,
2788,J,,,,,,,,,,,,,,,
2789,G,,,,,,,,,,,,,,,
2790,B,,,,,,,,,,,,,,,
2791,Z,,,,,,,,,,,,,,,
2792,X,,,,,,,,,,,,,,,
2793,T,,,,,,,,,,,,,,,
2794,R,,,,,,,,,,,,,,,
2795,M,,,,,,,,,,,,,,,
2796,K,,,,,,,,,,,,,,,
2797,H,,,,,,,,,,,,,,,
2798,E,,,,,,,,,,,,,,,
2799,C,,,,,,,,,,,,,,,
2800,G,,,,,,,,,,,,,,,
2801,D,,,,,,,,,,,,,,,
2802,B,,,,,,,,,,,,,,,
2803,Z,,,,,,,,,,,,,,,
2804,X,,,,,,,,,,,,,,,
2805,T,,,,,,,,,,,,,,,
2806,R,,,,,,,,,,,,,,,
2807,M,,,,,,,,,,,,,,,
2808,K,,,,,,,,,,,,,,,
2809,H,,,,,,,,,,,,,,,
2810,C,,,,,,,,,,,,,,,
2811,A,,,,,,,,,,,,,,,
2812,Y,,,,,,,,,,,,,,,
2813,U,,,,,,,,,,,,,,,
2814,S,,,,,,,,,,,,,,,
2815,P,,,,,,,,,,,,,,,
2816,L,,,,,,,,,,,,,,,
2817,J,,,,,,,,,,,,,,,
2818,G,,,,,,,,,,,,,,,
2819,D,,,,,,,,,,,,,,,
2820,Z,Volvo,B12BLEA,CDGE,Sentosa,,,,,Beach Tram,,,,,,
2821,X,,,,,,,,,,,,,,,
2822,T,,,,,,,,,,,,,,,
2823,R,,,,,,,,,,,,,,,
2824,M,,,,,,,,,,,,,,,
2825,K,,,,,,,,,,,,,,,
2826,H,,,,,,,,,,,,,,,
2827,E,,,,,,,,,,,,,,,
2828,C,,,,,,,,,,,,,,,
2829,A,,,,,,,,,,,,,,,
2830,U,,,,,,,,,,,,,,,
2831,S,,,,,,,,,,,,,,,
2832,P,,,,,,,,,,,,,,,
2833,L,,,,,,,,,,,,,,,
2834,J,,,,,,,,,,,,,,,
2835,G,,,,,,,,,,,,,,,
2836,D,,,,,,,,,,,,,,,
2837,B,,,,,,,,,,,,,,,
2838,Z,,,,,,,,,,,,,,,
2839,X,,,,,,,,,,,,,,,
2840,R,,,,,,,,,,,,,,,
2841,M,,,,,,,,,,,,,,,
2842,K,,,,,,,,,,,,,,,
2843,H,,,,,,,,,,,,,,,
2844,E,,,,,,,,,,,,,,,
2845,C,,,,,,,,,,,,,,,
2846,A,,,,,,,,,,,,,,,
2847,Y,,,,,,,,,,,,,,,
2848,U,,,,,,,,,,,,,,,
2849,S,,,,,,,,,,,,,,,
2850,L,,,,,,,,,,,,,,,
2851,J,,,,,,,,,,,,,,,
2852,G,,,,,,,,,,,,,,,
2853,D,,,,,,,,,,,,,,,
2854,B,,,,,,,,,,,,,,,
2855,Z,,,,,,,,,,,,,,,
2856,X,,,,,,,,,,,,,,,
2857,T,,,,,,,,,,,,,,,
2858,R,,,,,,,,,,,,,,,
2859,M,,,,,,,,,,,,,,,
2860,H,,,,,,,,,,,,,,,
2861,E,,,,,,,,,,,,,,,
2862,C,,,,,,,,,,,,,,,
2863,A,,,,,,,,,,,,,,,
2864,Y,,,,,,,,,,,,,,,
2865,U,,,,,,,,,,,,,,,
2866,S,,,,,,,,,,,,,,,
2867,P,,,,,,,,,,,,,,,
2868,L,,,,,,,,,,,,,,,
2869,J,,,,,,,,,,,,,,,
2870,D,,,,,,,,,,,,,,,
2871,B,,,,,,,,,,,,,,,
2872,Z,,,,,,,,,,,,,,,
2873,X,,,,,,,,,,,,,,,
2874,T,,,,,,,,,,,,,,,
2875,R,,,,,,,,,,,,,,,
2876,M,,,,,,,,,,,,,,,
2877,K,,,,,,,,,,,,,,,
2878,H,,,,,,,,,,,,,,,
2879,E,,,,,,,,,,,,,,,
2880,A,,,,,,,,,,,,,,,
2881,Y,,,,,,,,,,,,,,,
2882,U,,,,,,,,,,,,,,,
2883,S,,,,,,,,,,,,,,,
2884,P,,,,,,,,,,,,,,,
2885,L,,,,,,,,,,,,,,,
2886,J,,,,,,,,,,,,,,,
2887,G,,,,,,,,,,,,,,,
2888,D,,,,,,,,,,,,,,,
2889,B,,,,,,,,,,,,,,,
2890,X,,,,,,,,,,,,,,,
2891,T,,,,,,,,,,,,,,,
2892,R,,,,,,,,,,,,,,,
2893,M,,,,,,,,,,,,,,,
2894,K,,,,,,,,,,,,,,,
2895,H,,,,,,,,,,,,,,,
2896,E,,,,,,,,,,,,,,,
2897,C,,,,,,,,,,,,,,,
2898,A,,,,,,,,,,,,,,,
2899,Y,,,,,,,,,,,,,,,
2900,B,,,,,,,,,,,,,,,
2901,Z,,,,,,,,,,,,,,,
2902,X,,,,,,,,,,,,,,,
2903,T,,,,,,,,,,,,,,,
2904,R,,,,,,,,,,,,,,,
2905,M,,,,,,,,,,,,,,,
2906,K,,,,,,,,,,,,,,,
2907,H,,,,,,,,,,,,,,,
2908,E,,,,,,,,,,,,,,,
2909,C,,,,,,,,,,,,,,,
2910,Y,,,,,,,,,,,,,,,
2911,U,,,,,,,,,,,,,,,
2912,S,,,,,,,,,,,,,,,
2913,P,,,,,,,,,,,,,,,
2914,L,,,,,,,,,,,,,,,
2915,J,,,,,,,,,,,,,,,
2916,G,,,,,,,,,,,,,,,
2917,D,,,,,,,,,,,,,,,
2918,B,,,,,,,,,,,,,,,
2919,Z,,,,,,,,,,,,,,,
2920,T,,,,,,,,,,,,,,,
2921,R,,,,,,,,,,,,,,,
2922,M,,,,,,,,,,,,,,,
2923,K,,,,,,,,,,,,,,,
2924,H,,,,,,,,,,,,,,,
2925,E,,,,,,,,,,,,,,,
2926,C,,,,,,,,,,,,,,,
2927,A,,,,,,,,,,,,,,,
2928,Y,,,,,,,,,,,,,,,
2929,U,,,,,,,,,,,,,,,
2930,P,,,,,,,,,,,,,,,
2931,L,,,,,,,,,,,,,,,
2932,J,,,,,,,,,,,,,,,
2933,G,,,,,,,,,,,,,,,
2934,D,,,,,,,,,,,,,,,
2935,B,,,,,,,,,,,,,,,
2936,Z,,,,,,,,,,,,,,,
2937,X,,,,,,,,,,,,,,,
2938,T,,,,,,,,,,,,,,,
2939,R,,,,,,,,,,,,,,,
2940,K,,,,,,,,,,,,,,,
2941,H,,,,,,,,,,,,,,,
2942,E,,,,,,,,,,,,,,,
2943,C,,,,,,,,,,,,,,,
2944,A,,,,,,,,,,,,,,,
2945,Y,,,,,,,,,,,,,,,
2946,U,,,,,,,,,,,,,,,
2947,S,,,,,,,,,,,,,,,
2948,P,,,,,,,,,,,,,,,
2949,L,,,,,,,,,,,,,,,
2950,G,,,,,,,,,,,,,,,
2951,D,,,,,,,,,,,,,,,
2952,B,,,,,,,,,,,,,,,
2953,Z,,,,,,,,,,,,,,,
2954,X,,,,,,,,,,,,,,,
2955,T,,,,,,,,,,,,,,,
2956,R,,,,,,,,,,,,,,,
2957,M,,,,,,,,,,,,,,,
2958,K,,,,,,,,,,,,,,,
2959,H,,,,,,,,,,,,,,,
2960,C,,,,,,,,,,,,,,,
2961,A,,,,,,,,,,,,,,,
2962,Y,,,,,,,,,,,,,,,
2963,U,,,,,,,,,,,,,,,
2964,S,,,,,,,,,,,,,,,
2965,P,,,,,,,,,,,,,,,
2966,L,,,,,,,,,,,,,,,
2967,J,,,,,,,,,,,,,,,
2968,G,,,,,,,,,,,,,,,
2969,D,,,,,,,,,,,,,,,
2970,Z,,,,,,,,,,,,,,,
2971,X,,,,,,,,,,,,,,,
2972,T,,,,,,,,,,,,,,,
2973,R,,,,,,,,,,,,,,,
2974,M,,,,,,,,,,,,,,,
2975,K,,,,,,,,,,,,,,,
2976,H,,,,,,,,,,,,,,,
2977,E,,,,,,,,,,,,,,,
2978,C,,,,,,,,,,,,,,,
2979,A,,,,,,,,,,,,,,,
2980,U,,,,,,,,,,,,,,,
2981,S,,,,,,,,,,,,,,,
2982,P,,,,,,,,,,,,,,,
2983,L,,,,,,,,,,,,,,,
2984,J,,,,,,,,,,,,,,,
2985,G,,,,,,,,,,,,,,,
2986,D,,,,,,,,,,,,,,,
2987,B,,,,,,,,,,,,,,,
2988,Z,,,,,,,,,,,,,,,
2989,X,,,,,,,,,,,,,,,
2990,R,,,,,,,,,,,,,,,
2991,M,,,,,,,,,,,,,,,
2992,K,,,,,,,,,,,,,,,
2993,H,,,,,,,,,,,,,,,
2994,E,,,,,,,,,,,,,,,
2995,C,,,,,,,,,,,,,,,
2996,A,,,,,,,,,,,,,,,
2997,Y,,,,,,,,,,,,,,,
2998,U,,,,,,,,,,,,,,,
2999,S,,,,,,,,,,,,,,,
3000,S,,,,,,,,,,,,,,,
3001,P,,,,,,,,,,,,,,,
3002,L,,,,,,,,,,,,,,,
3003,J,,,,,,,,,,,,,,,
3004,G,,,,,,,,,,,,,,,
3005,D,,,,,,,,,,,,,,,
3006,B,,,,,,,,,,,,,,,
3007,Z,,,,,,,,,,,,,,,
3008,X,,,,,,,,,,,,,,,
3009,T,,,,,,,,,,,,,,,
3010,M,,,,,,,,,,,,,,,
3011,K,,,,,,,,,,,,,,,
3012,H,,,,,,,,,,,,,,,
3013,E,,,,,,,,,,,,,,,
3014,C,,,,,,,,,,,,,,,
3015,A,,,,,,,,,,,,,,,
3016,Y,,,,,,,,,,,,,,,
3017,U,,,,,,,,,,,,,,,
3018,S,,,,,,,,,,,,,,,
3019,P,,,,,,,,,,,,,,,
3020,J,,,,,,,,,,,,,,,
3021,G,,,,,,,,,,,,,,,
3022,D,,,,,,,,,,,,,,,
3023,B,,,,,,,,,,,,,,,
3024,Z,,,,,,,,,,,,,,,
3025,X,,,,,,,,,,,,,,,
3026,T,,,,,,,,,,,,,,,
3027,R,,,,,,,,,,,,,,,
3028,M,,,,,,,,,,,,,,,
3029,K,,,,,,,,,,,,,,,
3030,E,,,,,,,,,,,,,,,
3031,C,,,,,,,,,,,,,,,
3032,A,,,,,,,,,,,,,,,
3033,Y,,,,,,,,,,,,,,,
3034,U,,,,,,,,,,,,,,,
3035,S,,,,,,,,,,,,,,,
3036,P,,,,,,,,,,,,,,,
3037,L,,,,,,,,,,,,,,,
3038,J,,,,,,,,,,,,,,,
3039,G,,,,,,,,,,,,,,,
3040,B,,,,,,,,,,,,,,,
3041,Z,,,,,,,,,,,,,,,
3042,X,,,,,,,,,,,,,,,
3043,T,,,,,,,,,,,,,,,
3044,R,,,,,,,,,,,,,,,
3045,M,,,,,,,,,,,,,,,
3046,K,,,,,,,,,,,,,,,
3047,H,,,,,,,,,,,,,,,
3048,E,,,,,,,,,,,,,,,
3049,C,,,,,,,,,,,,,,,
3050,Y,,,,,,,,,,,,,,,
3051,U,,,,,,,,,,,,,,,
3052,S,,,,,,,,,,,,,,,
3053,P,,,,,,,,,,,,,,,
3054,L,,,,,,,,,,,,,,,
3055,J,,,,,,,,,,,,,,,
3056,G,,,,,,,,,,,,,,,
3057,D,,,,,,,,,,,,,,,
3058,B,,,,,,,,,,,,,,,
3059,Z,,,,,,,,,,,,,,,
3060,T,,,,,,,,,,,,,,,
3061,R,,,,,,,,,,,,,,,
3062,M,,,,,,,,,,,,,,,
3063,K,,,,,,,,,,,,,,,
3064,H,,,,,,,,,,,,,,,
3065,E,,,,,,,,,,,,,,,
3066,C,,,,,,,,,,,,,,,
3067,A,,,,,,,,,,,,,,,
3068,Y,,,,,,,,,,,,,,,
3069,U,,,,,,,,,,,,,,,
3070,P,,,,,,,,,,,,,,,
3071,L,,,,,,,,,,,,,,,
3072,J,,,,,,,,,,,,,,,
3073,G,,,,,,,,,,,,,,,
3074,D,,,,,,,,,,,,,,,
3075,B,,,,,,,,,,,,,,,
3076,Z,,,,,,,,,,,,,,,
3077,X,,,,,,,,,,,,,,,
3078,T,,,,,,,,,,,,,,,
3079,R,,,,,,,,,,,,,,,
3080,K,,,,,,,,,,,,,,,
3081,H,,,,,,,,,,,,,,,
3082,E,,,,,,,,,,,,,,,
3083,C,,,,,,,,,,,,,,,
3084,A,,,,,,,,,,,,,,,
3085,Y,,,,,,,,,,,,,,,
3086,U,,,,,,,,,,,,,,,
3087,S,,,,,,,,,,,,,,,
3088,P,,,,,,,,,,,,,,,
3089,L,,,,,,,,,,,,,,,
3090,G,,,,,,,,,,,,,,,
3091,D,,,,,,,,,,,,,,,
3092,B,,,,,,,,,,,,,,,
3093,Z,,,,,,,,,,,,,,,
3094,X,,,,,,,,,,,,,,,
3095,T,,,,,,,,,,,,,,,
3096,R,,,,,,,,,,,,,,,
3097,M,,,,,,,,,,,,,,,
3098,K,,,,,,,,,,,,,,,
3099,H,,,,,,,,,,,,,,,
3100,L,,,,,,,,,,,,,,,
3101,J,,,,,,,,,,,,,,,
3102,G,,,,,,,,,,,,,,,
3103,D,,,,,,,,,,,,,,,
3104,B,,,,,,,,,,,,,,,
3105,Z,,,,,,,,,,,,,,,
3106,X,,,,,,,,,,,,,,,
3107,T,,,,,,,,,,,,,,,
3108,R,,,,,,,,,,,,,,,
3109,M,,,,,,,,,,,,,,,
3110,H,,,,,,,,,,,,,,,
3111,E,,,,,,,,,,,,,,,
3112,C,,,,,,,,,,,,,,,
3113,A,,,,,,,,,,,,,,,
3114,Y,,,,,,,,,,,,,,,
3115,U,,,,,,,,,,,,,,,
3116,S,,,,,,,,,,,,,,,
3117,P,,,,,,,,,,,,,,,
3118,L,,,,,,,,,,,,,,,
3119,J,,,,,,,,,,,,,,,
3120,D,,,,,,,,,,,,,,,
3121,B,,,,,,,,,,,,,,,
3122,Z,,,,,,,,,,,,,,,
3123,X,,,,,,,,,,,,,,,
3124,T,,,,,,,,,,,,,,,
3125,R,,,,,,,,,,,,,,,
3126,M,,,,,,,,,,,,,,,
3127,K,,,,,,,,,,,,,,,
3128,H,,,,,,,,,,,,,,,
3129,E,,,,,,,,,,,,,,,
3130,A,,,,,,,,,,,,,,,
3131,Y,,,,,,,,,,,,,,,
3132,U,,,,,,,,,,,,,,,
3133,S,,,,,,,,,,,,,,,
3134,P,,,,,,,,,,,,,,,
3135,L,,,,,,,,,,,,,,,
3136,J,,,,,,,,,,,,,,,
3137,G,,,,,,,,,,,,,,,
3138,D,,,,,,,,,,,,,,,
3139,B,,,,,,,,,,,,,,,
3140,X,,,,,,,,,,,,,,,
3141,T,,,,,,,,,,,,,,,
3142,R,,,,,,,,,,,,,,,
3143,M,,,,,,,,,,,,,,,
3144,K,,,,,,,,,,,,,,,
3145,H,,,,,,,,,,,,,,,
3146,E,,,,,,,,,,,,,,,
3147,C,,,,,,,,,,,,,,,
3148,A,,,,,,,,,,,,,,,
3149,Y,,,,,,,,,,,,,,,
3150,S,,,,,,,,,,,,,,,
3151,P,,,,,,,,,,,,,,,
3152,L,,,,,,,,,,,,,,,
3153,J,,,,,,,,,,,,,,,
3154,G,,,,,,,,,,,,,,,
3155,D,,,,,,,,,,,,,,,
3156,B,,,,,,,,,,,,,,,
3157,Z,,,,,,,,,,,,,,,
3158,X,,,,,,,,,,,,,,,
3159,T,,,,,,,,,,,,,,,
3160,M,,,,,,,,,,,,,,,
3161,K,,,,,,,,,,,,,,,
3162,H,,,,,,,,,,,,,,,
3163,E,,,,,,,,,,,,,,,
3164,C,,,,,,,,,,,,,,,
3165,A,,,,,,,,,,,,,,,
3166,Y,,,,,,,,,,,,,,,
3167,U,,,,,,,,,,,,,,,
3168,S,,,,,,,,,,,,,,,
3169,P,,,,,,,,,,,,,,,
3170,J,,,,,,,,,,,,,,,
3171,G,,,,,,,,,,,,,,,
3172,D,,,,,,,,,,,,,,,
3173,B,,,,,,,,,,,,,,,
3174,Z,,,,,,,,,,,,,,,
3175,X,,,,,,,,,,,,,,,
3176,T,,,,,,,,,,,,,,,
3177,R,,,,,,,,,,,,,,,
3178,M,,,,,,,,,,,,,,,
3179,K,,,,,,,,,,,,,,,
3180,E,,,,,,,,,,,,,,,
3181,C,,,,,,,,,,,,,,,
3182,A,,,,,,,,,,,,,,,
3183,Y,,,,,,,,,,,,,,,
3184,U,,,,,,,,,,,,,,,
3185,S,,,,,,,,,,,,,,,
3186,P,,,,,,,,,,,,,,,
3187,L,,,,,,,,,,,,,,,
3188,J,,,,,,,,,,,,,,,
3189,G,,,,,,,,,,,,,,,
3190,B,,,,,,,,,,,,,,,
3191,Z,,,,,,,,,,,,,,,
3192,X,,,,,,,,,,,,,,,
3193,T,,,,,,,,,,,,,,,
3194,R,,,,,,,,,,,,,,,
3195,M,,,,,,,,,,,,,,,
3196,K,,,,,,,,,,,,,,,
3197,H,,,,,,,,,,,,,,,
3198,E,,,,,,,,,,,,,,,
3199,C,,,,,,,,,,,,,,,
3200,G,,,,,,,,,,,,,,,
3201,D,,,,,,,,,,,,,,,
3202,B,,,,,,,,,,,,,,,
3203,Z,,,,,,,,,,,,,,,
3204,X,,,,,,,,,,,,,,,
3205,T,,,,,,,,,,,,,,,
3206,R,,,,,,,,,,,,,,,
3207,M,,,,,,,,,,,,,,,
3208,K,,,,,,,,,,,,,,,
3209,H,,,,,,,,,,,,,,,
3210,C,,,,,,,,,,,,,,,
3211,A,,,,,,,,,,,,,,,
3212,Y,,,,,,,,,,,,,,,
3213,U,,,,,,,,,,,,,,,
3214,S,,,,,,,,,,,,,,,
3215,P,,,,,,,,,,,,,,,
3216,L,,,,,,,,,,,,,,,
3217,J,,,,,,,,,,,,,,,
3218,G,,,,,,,,,,,,,,,
3219,D,,,,,,,,,,,,,,,
3220,Z,,,,,,,,,,,,,,,
3221,X,,,,,,,,,,,,,,,
3222,T,,,,,,,,,,,,,,,
3223,R,,,,,,,,,,,,,,,
3224,M,,,,,,,,,,,,,,,
3225,K,,,,,,,,,,,,,,,
3226,H,,,,,,,,,,,,,,,
3227,E,,,,,,,,,,,,,,,
3228,C,,,,,,,,,,,,,,,
3229,A,,,,,,,,,,,,,,,
3230,U,,,,,,,,,,,,,,,
3231,S,,,,,,,,,,,,,,,
3232,P,,,,,,,,,,,,,,,
3233,L,,,,,,,,,,,,,,,
3234,J,,,,,,,,,,,,,,,
3235,G,,,,,,,,,,,,,,,
3236,D,,,,,,,,,,,,,,,
3237,B,,,,,,,,,,,,,,,
3238,Z,,,,,,,,,,,,,,,
3239,X,,,,,,,,,,,,,,,
3240,R,,,,,,,,,,,,,,,
3241,M,,,,,,,,,,,,,,,
3242,K,,,,,,,,,,,,,,,
3243,H,,,,,,,,,,,,,,,
3244,E,,,,,,,,,,,,,,,
3245,C,,,,,,,,,,,,,,,
3246,A,,,,,,,,,,,,,,,
3247,Y,,,,,,,,,,,,,,,
3248,U,,,,,,,,,,,,,,,
3249,S,,,,,,,,,,,,,,,
3250,L,,,,,,,,,,,,,,,
3251,J,,,,,,,,,,,,,,,
3252,G,,,,,,,,,,,,,,,
3253,D,,,,,,,,,,,,,,,
3254,B,,,,,,,,,,,,,,,
3255,Z,,,,,,,,,,,,,,,
3256,X,,,,,,,,,,,,,,,
3257,T,,,,,,,,,,,,,,,
3258,R,,,,,,,,,,,,,,,
3259,M,,,,,,,,,,,,,,,
3260,H,,,,,,,,,,,,,,,
3261,E,,,,,,,,,,,,,,,
3262,C,,,,,,,,,,,,,,,
3263,A,,,,,,,,,,,,,,,
3264,Y,,,,,,,,,,,,,,,
3265,U,,,,,,,,,,,,,,,
3266,S,,,,,,,,,,,,,,,
3267,P,,,,,,,,,,,,,,,
3268,L,,,,,,,,,,,,,,,
3269,J,,,,,,,,,,,,,,,
3270,D,,,,,,,,,,,,,,,
3271,B,,,,,,,,,,,,,,,
3272,Z,,,,,,,,,,,,,,,
3273,X,,,,,,,,,,,,,,,
3274,T,,,,,,,,,,,,,,,
3275,R,,,,,,,,,,,,,,,
3276,M,,,,,,,,,,,,,,,
3277,K,,,,,,,,,,,,,,,
3278,H,,,,,,,,,,,,,,,
3279,E,,,,,,,,,,,,,,,
3280,A,,,,,,,,,,,,,,,
3281,Y,,,,,,,,,,,,,,,
3282,U,,,,,,,,,,,,,,,
3283,S,,,,,,,,,,,,,,,
3284,P,,,,,,,,,,,,,,,
3285,L,,,,,,,,,,,,,,,
3286,J,,,,,,,,,,,,,,,
3287,G,,,,,,,,,,,,,,,
3288,D,,,,,,,,,,,,,,,
3289,B,,,,,,,,,,,,,,,
3290,X,,,,,,,,,,,,,,,
3291,T,,,,,,,,,,,,,,,
3292,R,,,,,,,,,,,,,,,
3293,M,,,,,,,,,,,,,,,
3294,K,,,,,,,,,,,,,,,
3295,H,,,,,,,,,,,,,,,
3296,E,,,,,,,,,,,,,,,
3297,C,,,,,,,,,,,,,,,
3298,A,,,,,,,,,,,,,,,
3299,Y,,,,,,,,,,,,,,,
3300,B,,,,,,,,,,,,,,,
3301,Z,,,,,,,,,,,,,,,
3302,X,,,,,,,,,,,,,,,
3303,T,,,,,,,,,,,,,,,
3304,R,,,,,,,,,,,,,,,
3305,M,,,,,,,,,,,,,,,
3306,K,,,,,,,,,,,,,,,
3307,H,,,,,,,,,,,,,,,
3308,E,,,,,,,,,,,,,,,
3309,C,,,,,,,,,,,,,,,
3310,Y,,,,,,,,,,,,,,,
3311,U,,,,,,,,,,,,,,,
3312,S,,,,,,,,,,,,,,,
3313,P,,,,,,,,,,,,,,,
3314,L,,,,,,,,,,,,,,,
3315,J,,,,,,,,,,,,,,,
3316,G,,,,,,,,,,,,,,,
3317,D,,,,,,,,,,,,,,,
3318,B,,,,,,,,,,,,,,,
3319,Z,,,,,,,,,,,,,,,
3320,T,,,,,,,,,,,,,,,
3321,R,,,,,,,,,,,,,,,
3322,M,,,,,,,,,,,,,,,
3323,K,,,,,,,,,,,,,,,
3324,H,,,,,,,,,,,,,,,
3325,E,,,,,,,,,,,,,,,
3326,C,,,,,,,,,,,,,,,
3327,A,,,,,,,,,,,,,,,
3328,Y,,,,,,,,,,,,,,,
3329,U,,,,,,,,,,,,,,,
3330,P,,,,,,,,,,,,,,,
3331,L,,,,,,,,,,,,,,,
3332,J,,,,,,,,,,,,,,,
3333,G,,,,,,,,,,,,,,,
3334,D,,,,,,,,,,,,,,,
3335,B,,,,,,,,,,,,,,,
3336,Z,,,,,,,,,,,,,,,
3337,X,,,,,,,,,,,,,,,
3338,T,,,,,,,,,,,,,,,
3339,R,,,,,,,,,,,,,,,
3340,K,,,,,,,,,,,,,,,
3341,H,,,,,,,,,,,,,,,
3342,E,,,,,,,,,,,,,,,
3343,C,,,,,,,,,,,,,,,
3344,A,,,,,,,,,,,,,,,
3345,Y,,,,,,,,,,,,,,,
3346,U,,,,,,,,,,,,,,,
3347,S,,,,,,,,,,,,,,,
3348,P,,,,,,,,,,,,,,,
3349,L,,,,,,,,,,,,,,,
3350,G,,,,,,,,,,,,,,,
3351,D,,,,,,,,,,,,,,,
3352,B,,,,,,,,,,,,,,,
3353,Z,,,,,,,,,,,,,,,
3354,X,,,,,,,,,,,,,,,
3355,T,,,,,,,,,,,,,,,
3356,R,,,,,,,,,,,,,,,
3357,M,,,,,,,,,,,,,,,
3358,K,,,,,,,,,,,,,,,
3359,H,,,,,,,,,,,,,,,
3360,C,,,,,,,,,,,,,,,
3361,A,,,,,,,,,,,,,,,
3362,Y,,,,,,,,,,,,,,,
3363,U,,,,,,,,,,,,,,,
3364,S,,,,,,,,,,,,,,,
3365,P,,,,,,,,,,,,,,,
3366,L,,,,,,,,,,,,,,,
3367,J,,,,,,,,,,,,,,,
3368,G,,,,,,,,,,,,,,,
3369,D,,,,,,,,,,,,,,,
3370,Z,,,,,,,,,,,,,,,
3371,X,,,,,,,,,,,,,,,
3372,T,,,,,,,,,,,,,,,
3373,R,,,,,,,,,,,,,,,
3374,M,,,,,,,,,,,,,,,
3375,K,,,,,,,,,,,,,,,
3376,H,,,,,,,,,,,,,,,
3377,E,,,,,,,,,,,,,,,
3378,C,,,,,,,,,,,,,,,
3379,A,,,,,,,,,,,,,,,
3380,U,,,,,,,,,,,,,,,
3381,S,,,,,,,,,,,,,,,
3382,P,,,,,,,,,,,,,,,
3383,L,,,,,,,,,,,,,,,
3384,J,,,,,,,,,,,,,,,
3385,G,,,,,,,,,,,,,,,
3386,D,,,,,,,,,,,,,,,
3387,B,,,,,,,,,,,,,,,
3388,Z,,,,,,,,,,,,,,,
3389,X,,,,,,,,,,,,,,,
3390,R,,,,,,,,,,,,,,,
3391,M,,,,,,,,,,,,,,,
3392,K,,,,,,,,,,,,,,,
3393,H,,,,,,,,,,,,,,,
3394,E,,,,,,,,,,,,,,,
3395,C,,,,,,,,,,,,,,,
3396,A,,,,,,,,,,,,,,,
3397,Y,,,,,,,,,,,,,,,
3398,U,,,,,,,,,,,,,,,
3399,S,,,,,,,,,,,,,,,
3400,X,,,,,,,,,,,,,,,
3401,T,,,,,,,,,,,,,,,
3402,R,,,,,,,,,,,,,,,
3403,M,,,,,,,,,,,,,,,
3404,K,,,,,,,,,,,,,,,
3405,H,,,,,,,,,,,,,,,
3406,E,,,,,,,,,,,,,,,
3407,C,,,,,,,,,,,,,,,
3408,A,,,,,,,,,,,,,,,
3409,Y,,,,,,,,,,,,,,,
3410,S,,,,,,,,,,,,,,,
3411,P,,,,,,,,,,,,,,,
3412,L,,,,,,,,,,,,,,,
3413,J,,,,,,,,,,,,,,,
3414,G,,,,,,,,,,,,,,,
3415,D,,,,,,,,,,,,,,,
3416,B,,,,,,,,,,,,,,,
3417,Z,,,,,,,,,,,,,,,
3418,X,,,,,,,,,,,,,,,
3419,T,,,,,,,,,,,,,,,
3420,M,,,,,,,,,,,,,,,
3421,K,,,,,,,,,,,,,,,
3422,H,,,,,,,,,,,,,,,
3423,E,,,,,,,,,,,,,,,
3424,C,,,,,,,,,,,,,,,
3425,A,,,,,,,,,,,,,,,
3426,Y,,,,,,,,,,,,,,,
3427,U,,,,,,,,,,,,,,,
3428,S,,,,,,,,,,,,,,,
3429,P,,,,,,,,,,,,,,,
3430,J,,,,,,,,,,,,,,,
3431,G,,,,,,,,,,,,,,,
3432,D,,,,,,,,,,,,,,,
3433,B,,,,,,,,,,,,,,,
3434,Z,,,,,,,,,,,,,,,
3435,X,,,,,,,,,,,,,,,
3436,T,,,,,,,,,,,,,,,
3437,R,,,,,,,,,,,,,,,
3438,M,,,,,,,,,,,,,,,
3439,K,,,,,,,,,,,,,,,
3440,E,,,,,,,,,,,,,,,
3441,C,,,,,,,,,,,,,,,
3442,A,,,,,,,,,,,,,,,
3443,Y,,,,,,,,,,,,,,,
3444,U,,,,,,,,,,,,,,,
3445,S,,,,,,,,,,,,,,,
3446,P,,,,,,,,,,,,,,,
3447,L,,,,,,,,,,,,,,,
3448,J,,,,,,,,,,,,,,,
3449,G,,,,,,,,,,,,,,,
3450,B,,,,,,,,,,,,,,,
3451,Z,,,,,,,,,,,,,,,
3452,X,,,,,,,,,,,,,,,
3453,T,,,,,,,,,,,,,,,
3454,R,,,,,,,,,,,,,,,
3455,M,,,,,,,,,,,,,,,
3456,K,,,,,,,,,,,,,,,
3457,H,,,,,,,,,,,,,,,
3458,E,,,,,,,,,,,,,,,
3459,C,,,,,,,,,,,,,,,
3460,Y,,,,,,,,,,,,,,,
3461,U,,,,,,,,,,,,,,,
3462,S,,,,,,,,,,,,,,,
3463,P,,,,,,,,,,,,,,,
3464,L,,,,,,,,,,,,,,,
3465,J,,,,,,,,,,,,,,,
3466,G,,,,,,,,,,,,,,,
3467,D,,,,,,,,,,,,,,,
3468,B,,,,,,,,,,,,,,,
3469,Z,,,,,,,,,,,,,,,
3470,T,,,,,,,,,,,,,,,
3471,R,,,,,,,,,,,,,,,
3472,M,,,,,,,,,,,,,,,
3473,K,,,,,,,,,,,,,,,
3474,H,,,,,,,,,,,,,,,
3475,E,,,,,,,,,,,,,,,
3476,C,,,,,,,,,,,,,,,
3477,A,,,,,,,,,,,,,,,
3478,Y,,,,,,,,,,,,,,,
3479,U,,,,,,,,,,,,,,,
3480,P,,,,,,,,,,,,,,,
3481,L,,,,,,,,,,,,,,,
3482,J,,,,,,,,,,,,,,,
3483,G,,,,,,,,,,,,,,,
3484,D,,,,,,,,,,,,,,,
3485,B,,,,,,,,,,,,,,,
3486,Z,,,,,,,,,,,,,,,
3487,X,,,,,,,,,,,,,,,
3488,T,,,,,,,,,,,,,,,
3489,R,,,,,,,,,,,,,,,
3490,K,,,,,,,,,,,,,,,
3491,H,,,,,,,,,,,,,,,
3492,E,,,,,,,,,,,,,,,
3493,C,,,,,,,,,,,,,,,
3494,A,,,,,,,,,,,,,,,
3495,Y,,,,,,,,,,,,,,,
3496,U,,,,,,,,,,,,,,,
3497,S,,,,,,,,,,,,,,,
3498,P,,,,,,,,,,,,,,,
3499,L,,,,,,,,,,,,,,,
3500,R,,,,,,,,,,,,,,,
3501,M,,,,,,,,,,,,,,,
3502,K,,,,,,,,,,,,,,,
3503,H,,,,,,,,,,,,,,,
3504,E,,,,,,,,,,,,,,,
3505,C,,,,,,,,,,,,,,,
3506,A,,,,,,,,,,,,,,,
3507,Y,,,,,,,,,,,,,,,
3508,U,,,,,,,,,,,,,,,
3509,S,,,,,,,,,,,,,,,
3510,L,,,,,,,,,,,,,,,
3511,J,,,,,,,,,,,,,,,
3512,G,,,,,,,,,,,,,,,
3513,D,,,,,,,,,,,,,,,
3514,B,,,,,,,,,,,,,,,
3515,Z,,,,,,,,,,,,,,,
3516,X,,,,,,,,,,,,,,,
3517,T,,,,,,,,,,,,,,,
3518,R,,,,,,,,,,,,,,,
3519,M,,,,,,,,,,,,,,,
3520,H,,,,,,,,,,,,,,,
3521,E,,,,,,,,,,,,,,,
3522,C,,,,,,,,,,,,,,,
3523,A,,,,,,,,,,,,,,,
3524,Y,,,,,,,,,,,,,,,
3525,U,,,,,,,,,,,,,,,
3526,S,,,,,,,,,,,,,,,
3527,P,,,,,,,,,,,,,,,
3528,L,,,,,,,,,,,,,,,
3529,J,,,,,,,,,,,,,,,
3530,D,,,,,,,,,,,,,,,
3531,B,,,,,,,,,,,,,,,
3532,Z,,,,,,,,,,,,,,,
3533,X,,,,,,,,,,,,,,,
3534,T,,,,,,,,,,,,,,,
3535,R,,,,,,,,,,,,,,,
3536,M,,,,,,,,,,,,,,,
3537,K,,,,,,,,,,,,,,,
3538,H,,,,,,,,,,,,,,,
3539,E,,,,,,,,,,,,,,,
3540,A,,,,,,,,,,,,,,,
3541,Y,,,,,,,,,,,,,,,
3542,U,,,,,,,,,,,,,,,
3543,S,,,,,,,,,,,,,,,
3544,P,,,,,,,,,,,,,,,
3545,L,,,,,,,,,,,,,,,
3546,J,,,,,,,,,,,,,,,
3547,G,,,,,,,,,,,,,,,
3548,D,,,,,,,,,,,,,,,
3549,B,,,,,,,,,,,,,,,
3550,X,,,,,,,,,,,,,,,
3551,T,,,,,,,,,,,,,,,
3552,R,,,,,,,,,,,,,,,
3553,M,,,,,,,,,,,,,,,
3554,K,,,,,,,,,,,,,,,
3555,H,,,,,,,,,,,,,,,
3556,E,,,,,,,,,,,,,,,
3557,C,,,,,,,,,,,,,,,
3558,A,,,,,,,,,,,,,,,
3559,Y,,,,,,,,,,,,,,,
3560,S,,,,,,,,,,,,,,,
3561,P,,,,,,,,,,,,,,,
3562,L,,,,,,,,,,,,,,,
3563,J,,,,,,,,,,,,,,,
3564,G,,,,,,,,,,,,,,,
3565,D,,,,,,,,,,,,,,,
3566,B,,,,,,,,,,,,,,,
3567,Z,,,,,,,,,,,,,,,
3568,X,,,,,,,,,,,,,,,
3569,T,,,,,,,,,,,,,,,
3570,M,,,,,,,,,,,,,,,
3571,K,,,,,,,,,,,,,,,
3572,H,,,,,,,,,,,,,,,
3573,E,,,,,,,,,,,,,,,
3574,C,,,,,,,,,,,,,,,
3575,A,,,,,,,,,,,,,,,
3576,Y,,,,,,,,,,,,,,,
3577,U,,,,,,,,,,,,,,,
3578,S,,,,,,,,,,,,,,,
3579,P,,,,,,,,,,,,,,,
3580,J,,,,,,,,,,,,,,,
3581,G,,,,,,,,,,,,,,,
3582,D,,,,,,,,,,,,,,,
3583,B,,,,,,,,,,,,,,,
3584,Z,,,,,,,,,,,,,,,
3585,X,,,,,,,,,,,,,,,
3586,T,,,,,,,,,,,,,,,
3587,R,,,,,,,,,,,,,,,
3588,M,,,,,,,,,,,,,,,
3589,K,,,,,,,,,,,,,,,
3590,E,,,,,,,,,,,,,,,
3591,C,,,,,,,,,,,,,,,
3592,A,,,,,,,,,,,,,,,
3593,Y,,,,,,,,,,,,,,,
3594,U,,,,,,,,,,,,,,,
3595,S,,,,,,,,,,,,,,,
3596,P,,,,,,,,,,,,,,,
3597,L,,,,,,,,,,,,,,,
3598,J,,,,,,,,,,,,,,,
3599,G,,,,,,,,,,,,,,,
3600,K,,,,,,,,,,,,,,,
3601,H,,,,,,,,,,,,,,,
3602,E,,,,,,,,,,,,,,,
3603,C,,,,,,,,,,,,,,,
3604,A,,,,,,,,,,,,,,,
3605,Y,,,,,,,,,,,,,,,
3606,U,,,,,,,,,,,,,,,
3607,S,,,,,,,,,,,,,,,
3608,P,,,,,,,,,,,,,,,
3609,L,,,,,,,,,,,,,,,
3610,G,,,,,,,,,,,,,,,
3611,D,,,,,,,,,,,,,,,
3612,B,,,,,,,,,,,,,,,
3613,Z,,,,,,,,,,,,,,,
3614,X,,,,,,,,,,,,,,,
3615,T,,,,,,,,,,,,,,,
3616,R,,,,,,,,,,,,,,,
3617,M,,,,,,,,,,,,,,,
3618,K,,,,,,,,,,,,,,,
3619,H,,,,,,,,,,,,,,,
3620,C,,,,,,,,,,,,,,,
3621,A,,,,,,,,,,,,,,,
3622,Y,,,,,,,,,,,,,,,
3623,U,,,,,,,,,,,,,,,
3624,S,,,,,,,,,,,,,,,
3625,P,,,,,,,,,,,,,,,
3626,L,,,,,,,,,,,,,,,
3627,J,,,,,,,,,,,,,,,
3628,G,,,,,,,,,,,,,,,
3629,D,,,,,,,,,,,,,,,
3630,Z,,,,,,,,,,,,,,,
3631,X,,,,,,,,,,,,,,,
3632,T,,,,,,,,,,,,,,,
3633,R,,,,,,,,,,,,,,,
3634,M,,,,,,,,,,,,,,,
3635,K,,,,,,,,,,,,,,,
3636,H,,,,,,,,,,,,,,,
3637,E,,,,,,,,,,,,,,,
3638,C,,,,,,,,,,,,,,,
3639,A,,,,,,,,,,,,,,,
3640,U,,,,,,,,,,,,,,,
3641,S,,,,,,,,,,,,,,,
3642,P,,,,,,,,,,,,,,,
3643,L,,,,,,,,,,,,,,,
3644,J,,,,,,,,,,,,,,,
3645,G,,,,,,,,,,,,,,,
3646,D,,,,,,,,,,,,,,,
3647,B,,,,,,,,,,,,,,,
3648,Z,,,,,,,,,,,,,,,
3649,X,,,,,,,,,,,,,,,
3650,R,,,,,,,,,,,,,,,
3651,M,,,,,,,,,,,,,,,
3652,K,,,,,,,,,,,,,,,
3653,H,,,,,,,,,,,,,,,
3654,E,,,,,,,,,,,,,,,
3655,C,,,,,,,,,,,,,,,
3656,A,,,,,,,,,,,,,,,
3657,Y,,,,,,,,,,,,,,,
3658,U,,,,,,,,,,,,,,,
3659,S,,,,,,,,,,,,,,,
3660,L,,,,,,,,,,,,,,,
3661,J,,,,,,,,,,,,,,,
3662,G,,,,,,,,,,,,,,,
3663,D,,,,,,,,,,,,,,,
3664,B,,,,,,,,,,,,,,,
3665,Z,,,,,,,,,,,,,,,
3666,X,,,,,,,,,,,,,,,
3667,T,,,,,,,,,,,,,,,
3668,R,,,,,,,,,,,,,,,
3669,M,,,,,,,,,,,,,,,
3670,H,,,,,,,,,,,,,,,
3671,E,,,,,,,,,,,,,,,
3672,C,,,,,,,,,,,,,,,
3673,A,,,,,,,,,,,,,,,
3674,Y,,,,,,,,,,,,,,,
3675,U,,,,,,,,,,,,,,,
3676,S,,,,,,,,,,,,,,,
3677,P,,,,,,,,,,,,,,,
3678,L,,,,,,,,,,,,,,,
3679,J,,,,,,,,,,,,,,,
3680,D,,,,,,,,,,,,,,,
3681,B,,,,,,,,,,,,,,,
3682,Z,,,,,,,,,,,,,,,
3683,X,,,,,,,,,,,,,,,
3684,T,,,,,,,,,,,,,,,
3685,R,,,,,,,,,,,,,,,
3686,M,,,,,,,,,,,,,,,
3687,K,,,,,,,,,,,,,,,
3688,H,,,,,,,,,,,,,,,
3689,E,,,,,,,,,,,,,,,
3690,A,,,,,,,,,,,,,,,
3691,Y,,,,,,,,,,,,,,,
3692,U,,,,,,,,,,,,,,,
3693,S,,,,,,,,,,,,,,,
3694,P,,,,,,,,,,,,,,,
3695,L,,,,,,,,,,,,,,,
3696,J,,,,,,,,,,,,,,,
3697,G,,,,,,,,,,,,,,,
3698,D,,,,,,,,,,,,,,,
3699,B,,,,,,,,,,,,,,,
3700,E,,,,,,,,,,,,,,,
3701,C,,,,,,,,,,,,,,,
3702,A,,,,,,,,,,,,,,,
3703,Y,,,,,,,,,,,,,,,
3704,U,,,,,,,,,,,,,,,
3705,S,,,,,,,,,,,,,,,
3706,P,,,,,,,,,,,,,,,
3707,L,,,,,,,,,,,,,,,
3708,J,,,,,,,,,,,,,,,
3709,G,,,,,,,,,,,,,,,
3710,B,,,,,,,,,,,,,,,
3711,Z,,,,,,,,,,,,,,,
3712,X,,,,,,,,,,,,,,,
3713,T,,,,,,,,,,,,,,,
3714,R,,,,,,,,,,,,,,,
3715,M,,,,,,,,,,,,,,,
3716,K,,,,,,,,,,,,,,,
3717,H,,,,,,,,,,,,,,,
3718,E,,,,,,,,,,,,,,,
3719,C,,,,,,,,,,,,,,,
3720,Y,,,,,,,,,,,,,,,
3721,U,,,,,,,,,,,,,,,
3722,S,,,,,,,,,,,,,,,
3723,P,,,,,,,,,,,,,,,
3724,L,,,,,,,,,,,,,,,
3725,J,,,,,,,,,,,,,,,
3726,G,,,,,,,,,,,,,,,
3727,D,,,,,,,,,,,,,,,
3728,B,,,,,,,,,,,,,,,
3729,Z,,,,,,,,,,,,,,,
3730,T,,,,,,,,,,,,,,,
3731,R,,,,,,,,,,,,,,,
3732,M,,,,,,,,,,,,,,,
3733,K,,,,,,,,,,,,,,,
3734,H,,,,,,,,,,,,,,,
3735,E,,,,,,,,,,,,,,,
3736,C,,,,,,,,,,,,,,,
3737,A,,,,,,,,,,,,,,,
3738,Y,,,,,,,,,,,,,,,
3739,U,,,,,,,,,,,,,,,
3740,P,,,,,,,,,,,,,,,
3741,L,,,,,,,,,,,,,,,
3742,J,,,,,,,,,,,,,,,
3743,G,,,,,,,,,,,,,,,
3744,D,,,,,,,,,,,,,,,
3745,B,,,,,,,,,,,,,,,
3746,Z,,,,,,,,,,,,,,,
3747,X,,,,,,,,,,,,,,,
3748,T,,,,,,,,,,,,,,,
3749,R,,,,,,,,,,,,,,,
3750,K,,,,,,,,,,,,,,,
3751,H,,,,,,,,,,,,,,,
3752,E,,,,,,,,,,,,,,,
3753,C,,,,,,,,,,,,,,,
3754,A,,,,,,,,,,,,,,,
3755,Y,,,,,,,,,,,,,,,
3756,U,,,,,,,,,,,,,,,
3757,S,,,,,,,,,,,,,,,
3758,P,,,,,,,,,,,,,,,
3759,L,,,,,,,,,,,,,,,
3760,G,,,,,,,,,,,,,,,
3761,D,,,,,,,,,,,,,,,
3762,B,,,,,,,,,,,,,,,
3763,Z,,,,,,,,,,,,,,,
3764,X,,,,,,,,,,,,,,,
3765,T,,,,,,,,,,,,,,,
3766,R,,,,,,,,,,,,,,,
3767,M,,,,,,,,,,,,,,,
3768,K,,,,,,,,,,,,,,,
3769,H,,,,,,,,,,,,,,,
3770,C,,,,,,,,,,,,,,,
3771,A,,,,,,,,,,,,,,,